Date;Price;Open;High;Low;Vol.;Change %
Dec 30, 2019;3045.87;3051.41;3060.20;3042.34;-;-0.15%
Dec 27, 2019;3050.47;3029.12;3054.03;3029.12;-;0.62%
Dec 26, 2019;3031.67;3025.58;3034.63;3021.62;-;0.03%
Dec 25, 2019;3030.84;3032.41;3036.81;3024.89;-;0.01%
Dec 24, 2019;3030.59;3035.86;3039.92;3025.92;-;-0.11%
Dec 23, 2019;3033.81;3009.89;3033.81;3009.07;-;0.59%
Dec 20, 2019;3015.93;3015.64;3021.05;3004.21;-;0.25%
Dec 19, 2019;3008.39;3012.29;3027.88;2998.05;-;-0.51%
Dec 18, 2019;3023.92;3011.37;3023.92;3004.27;-;0.35%
Dec 17, 2019;3013.29;3012.49;3019.95;3005.61;-;0.24%
Dec 16, 2019;3006.16;3001.42;3012.21;2994.44;-;0.32%
Dec 13, 2019;2996.63;2990.92;3000.10;2984.92;-;0.46%
Dec 12, 2019;2982.86;2966.24;2996.82;2965.10;-;0.96%
Dec 11, 2019;2954.40;2932.43;2959.12;2932.43;-;0.75%
Dec 10, 2019;2932.40;2943.03;2948.94;2920.93;-;-0.43%
Dec 09, 2019;2945.03;2932.08;2947.68;2926.10;-;0.56%
Dec 06, 2019;2928.76;2900.78;2928.76;2897.56;-;1.02%
Dec 05, 2019;2899.29;2903.50;2909.59;2882.80;-;-0.05%
Dec 04, 2019;2900.66;2887.39;2909.11;2875.50;-;0.60%
Dec 03, 2019;2883.48;2917.46;2922.81;2882.65;-;-1.29%
Dec 02, 2019;2921.18;2937.69;2958.84;2920.33;-;-0.48%
Nov 29, 2019;2935.37;2925.76;2936.24;2911.56;-;0.27%
Nov 28, 2019;2927.57;2926.30;2931.48;2911.80;-;-0.05%
Nov 27, 2019;2929.05;2932.25;2945.60;2922.48;-;-0.05%
Nov 26, 2019;2930.62;2954.84;2963.92;2922.89;-;-0.84%
Nov 25, 2019;2955.32;2953.11;2959.76;2945.33;-;0.26%
Nov 22, 2019;2947.68;2939.36;2968.47;2935.21;-;0.17%
Nov 21, 2019;2942.60;2940.78;2947.57;2930.68;-;0.21%
Nov 20, 2019;2936.47;2935.64;2948.89;2914.95;-;-0.18%
Nov 19, 2019;2941.69;2928.10;2942.49;2923.10;-;0.59%
Nov 18, 2019;2924.48;2947.39;2956.59;2914.25;-;-0.35%
Nov 15, 2019;2934.82;2925.31;2938.15;2914.05;-;0.42%
Nov 14, 2019;2922.45;2938.60;2948.98;2902.91;-;-0.39%
Nov 13, 2019;2933.89;2942.40;2942.40;2924.23;-;-0.59%
Nov 12, 2019;2951.16;2963.70;2983.48;2944.00;-;-0.35%
Nov 11, 2019;2961.46;2965.84;2972.39;2953.23;-;-0.39%
Nov 08, 2019;2973.19;2997.85;2997.85;2958.55;-;-1.17%
Nov 07, 2019;3008.54;2977.67;3009.11;2966.20;-;0.93%
Nov 06, 2019;2980.84;2949.70;2980.84;2935.15;-;1.06%
Nov 05, 2019;2949.55;2950.78;2965.48;2936.48;-;0.65%
Nov 01, 2019;2930.40;2895.47;2930.40;2886.59;-;1.26%
Oct 31, 2019;2893.98;2917.22;2936.26;2884.30;-;-0.59%
Oct 30, 2019;2911.15;2882.07;2913.48;2874.17;-;0.85%
Oct 29, 2019;2886.48;2858.42;2886.48;2845.28;-;1.04%
Oct 28, 2019;2856.91;2879.37;2899.65;2850.32;-;-0.57%
Oct 25, 2019;2873.41;2876.10;2879.42;2848.40;-;-0.13%
Oct 24, 2019;2877.05;2822.37;2877.05;2822.10;-;1.97%
Oct 23, 2019;2821.58;2797.44;2821.89;2789.75;-;0.69%
Oct 22, 2019;2802.23;2766.21;2802.23;2762.49;-;1.49%
Oct 21, 2019;2761.15;2759.79;2767.76;2751.95;-;0.30%
Oct 18, 2019;2752.91;2747.80;2758.73;2742.24;-;0.16%
Oct 17, 2019;2748.64;2744.43;2754.70;2738.92;-;0.16%
Oct 16, 2019;2744.35;2714.81;2745.00;2714.81;-;1.07%
Oct 15, 2019;2715.26;2696.60;2715.26;2691.29;-;0.66%
Oct 14, 2019;2697.46;2710.56;2716.15;2692.59;-;-0.39%
Oct 11, 2019;2708.07;2723.36;2733.78;2703.85;-;-0.49%
Oct 10, 2019;2721.51;2709.39;2725.49;2695.82;-;0.31%
Oct 09, 2019;2713.02;2704.71;2724.83;2702.56;-;0.19%
Oct 08, 2019;2707.89;2720.17;2724.62;2700.46;-;-0.42%
Oct 07, 2019;2719.22;2695.54;2721.16;2686.15;-;0.99%
Oct 04, 2019;2692.55;2707.90;2717.70;2687.00;-;-0.55%
Oct 03, 2019;2707.47;2719.65;2722.74;2696.58;-;-0.44%
Oct 02, 2019;2719.39;2756.86;2758.50;2716.73;-;-1.43%
Oct 01, 2019;2758.83;2749.83;2781.33;2748.51;-;0.42%
Sep 30, 2019;2747.18;2759.94;2764.31;2744.47;-;-0.39%
Sep 27, 2019;2757.98;2772.58;2777.19;2757.98;-;-0.53%
Sep 26, 2019;2772.70;2755.60;2779.78;2754.84;-;0.45%
Sep 25, 2019;2760.29;2749.13;2760.29;2739.11;-;0.21%
Sep 24, 2019;2754.53;2785.57;2789.61;2749.86;-;-1.11%
Sep 23, 2019;2785.46;2793.03;2793.03;2769.60;-;-0.39%
Sep 20, 2019;2796.41;2794.82;2796.41;2777.83;-;0.06%
Sep 19, 2019;2794.77;2815.49;2816.57;2794.17;-;-0.85%
Sep 18, 2019;2818.60;2818.93;2824.25;2809.67;-;-0.08%
Sep 17, 2019;2820.86;2832.42;2847.01;2807.33;-;-0.47%
Sep 16, 2019;2834.32;2810.78;2834.32;2803.89;-;1.53%
Sep 13, 2019;2791.74;2795.85;2801.28;2777.23;-;-0.29%
Sep 12, 2019;2799.99;2816.06;2816.06;2789.14;-;-0.61%
Sep 11, 2019;2817.05;2788.19;2819.75;2782.95;-;1.06%
Sep 10, 2019;2787.52;2784.80;2791.02;2767.29;-;0.03%
Sep 09, 2019;2786.63;2802.49;2810.91;2777.63;-;-0.39%
Sep 06, 2019;2797.55;2805.95;2805.95;2780.76;-;-0.34%
Sep 05, 2019;2807.06;2800.97;2815.84;2796.19;-;0.49%
Sep 04, 2019;2793.36;2787.37;2799.84;2784.96;-;0.69%
Sep 03, 2019;2774.20;2770.86;2781.06;2757.85;-;0.04%
Sep 02, 2019;2773.01;2742.30;2774.77;2735.11;-;1.20%
Aug 30, 2019;2740.04;2716.69;2740.04;2715.30;-;0.95%
Aug 29, 2019;2714.25;2679.80;2714.37;2679.11;-;1.38%
Aug 28, 2019;2677.31;2658.17;2677.99;2649.54;-;0.68%
Aug 27, 2019;2659.35;2660.76;2663.14;2636.99;-;0.04%
Aug 26, 2019;2658.24;2651.09;2672.19;2640.05;-;-0.09%
Aug 23, 2019;2660.74;2679.23;2682.95;2656.97;-;-0.54%
Aug 22, 2019;2675.13;2673.77;2680.65;2662.31;-;0.04%
Aug 21, 2019;2673.95;2677.55;2679.46;2665.10;-;0.04%
Aug 20, 2019;2672.84;2651.10;2675.26;2647.40;-;0.93%
Aug 19, 2019;2648.09;2627.47;2653.31;2619.39;-;1.26%
Aug 16, 2019;2615.20;2636.29;2640.92;2615.20;-;-0.40%
Aug 15, 2019;2625.58;2643.53;2651.23;2620.20;-;-0.43%
Aug 14, 2019;2637.04;2684.63;2687.93;2630.82;-;-1.61%
Aug 13, 2019;2680.12;2688.92;2697.53;2665.35;-;-0.36%
Aug 12, 2019;2689.93;2687.12;2698.39;2682.05;-;0.38%
Aug 09, 2019;2679.71;2696.65;2700.95;2678.07;-;-0.63%
Aug 08, 2019;2696.69;2693.17;2707.62;2693.17;-;0.81%
Aug 07, 2019;2674.98;2683.11;2696.53;2666.41;-;-0.31%
Aug 06, 2019;2683.35;2654.34;2686.86;2654.11;-;1.29%
Aug 05, 2019;2649.16;2666.85;2676.61;2645.12;-;-0.96%
Aug 02, 2019;2674.90;2707.65;2716.60;2673.97;-;-2.00%
Aug 01, 2019;2729.42;2727.68;2737.91;2722.48;-;-0.37%
Jul 31, 2019;2739.50;2737.80;2750.06;2723.54;-;0.18%
Jul 30, 2019;2734.68;2730.38;2735.21;2714.01;-;0.23%
Jul 29, 2019;2728.27;2715.74;2732.86;2714.44;-;0.46%
Jul 26, 2019;2715.68;2697.21;2733.32;2694.84;-;0.54%
Jul 25, 2019;2701.02;2679.38;2723.44;2665.21;-;0.68%
Jul 24, 2019;2682.91;2706.73;2708.50;2677.35;-;-0.67%
Jul 23, 2019;2701.06;2686.98;2709.24;2683.39;-;0.63%
Jul 22, 2019;2684.25;2699.31;2705.07;2684.25;-;-0.60%
Jul 19, 2019;2700.57;2710.44;2726.89;2700.54;-;-0.07%
Jul 18, 2019;2702.59;2705.63;2714.55;2694.74;-;-0.39%
Jul 17, 2019;2713.17;2715.67;2726.22;2704.28;-;-1.55%
Jul 16, 2019;2755.88;2754.05;2757.35;2736.44;-;-0.02%
Jul 15, 2019;2756.44;2783.45;2785.80;2755.43;-;-0.76%
Jul 12, 2019;2777.58;2787.09;2788.70;2760.46;-;-0.43%
Jul 11, 2019;2789.66;2825.20;2828.72;2779.41;-;-1.17%
Jul 10, 2019;2822.75;2824.79;2833.18;2808.76;-;0.00%
Jul 09, 2019;2822.66;2821.89;2835.18;2816.79;-;0.00%
Jul 08, 2019;2822.55;2823.14;2823.67;2806.97;-;-0.45%
Jul 05, 2019;2835.35;2842.97;2848.40;2827.96;-;-0.26%
Jul 04, 2019;2842.78;2823.33;2842.78;2813.66;-;0.67%
Jul 03, 2019;2823.95;2810.10;2827.76;2799.60;-;0.50%
Jul 02, 2019;2809.81;2802.82;2810.02;2795.36;-;0.30%
Jul 01, 2019;2801.47;2777.08;2813.44;2777.08;-;1.29%
Jun 28, 2019;2765.85;2777.94;2786.66;2761.46;-;-0.50%
Jun 27, 2019;2779.66;2774.75;2790.59;2765.61;-;0.16%
Jun 26, 2019;2775.14;2754.91;2778.25;2751.51;-;0.77%
Jun 25, 2019;2753.96;2761.39;2763.88;2738.34;-;-0.31%
Jun 24, 2019;2762.65;2762.17;2772.37;2758.18;-;0.05%
Jun 21, 2019;2761.23;2777.54;2779.32;2750.54;-;-0.68%
Jun 20, 2019;2780.20;2758.53;2788.19;2760.20;-;0.76%
Jun 19, 2019;2759.12;2763.07;2775.83;2751.58;-;-0.09%
Jun 18, 2019;2761.69;2732.47;2761.69;2723.99;-;1.00%
Jun 17, 2019;2734.31;2737.97;2757.89;2728.61;-;-0.18%
Jun 14, 2019;2739.28;2757.58;2772.06;2738.62;-;-0.69%
Jun 13, 2019;2758.36;2750.42;2759.16;2734.40;-;0.24%
Jun 11, 2019;2751.75;2718.13;2759.57;2717.75;-;0.33%
Jun 10, 2019;2742.59;2734.16;2746.80;2725.65;-;0.48%
Jun 07, 2019;2729.61;2734.94;2743.11;2725.43;-;0.05%
Jun 06, 2019;2728.25;2701.55;2731.73;2700.30;-;0.98%
Jun 05, 2019;2701.84;2706.66;2713.82;2690.43;-;-0.16%
Jun 04, 2019;2706.29;2726.06;2731.10;2690.13;-;-0.87%
Jun 03, 2019;2729.93;2660.64;2743.81;2649.78;-;2.42%
May 31, 2019;2665.33;2655.76;2665.42;2639.19;-;0.22%
May 30, 2019;2659.52;2645.00;2665.28;2642.27;-;0.70%
May 29, 2019;2641.15;2607.11;2642.23;2600.79;-;1.20%
May 28, 2019;2609.78;2634.13;2640.81;2596.30;-;-0.88%
May 27, 2019;2632.95;2620.00;2632.95;2617.63;-;0.52%
May 24, 2019;2619.24;2621.94;2642.40;2616.56;-;0.02%
May 23, 2019;2618.61;2634.19;2634.07;2615.70;-;-0.76%
May 22, 2019;2638.71;2619.66;2645.70;2610.46;-;0.85%
May 21, 2019;2616.53;2575.15;2619.77;2572.36;-;1.75%
May 20, 2019;2571.65;2582.01;2588.39;2567.11;-;-0.23%
May 17, 2019;2577.48;2576.45;2587.26;2569.10;-;-0.14%
May 16, 2019;2581.11;2552.69;2590.46;2552.34;-;1.04%
May 15, 2019;2554.49;2569.33;2576.56;2549.17;-;-0.31%
May 14, 2019;2562.33;2508.93;2566.92;2509.51;-;2.13%
May 13, 2019;2508.87;2512.23;2531.54;2506.47;-;-0.24%
May 10, 2019;2514.87;2538.16;2540.33;2511.16;-;-1.16%
May 08, 2019;2544.43;2563.66;2564.38;2544.43;-;-0.81%
May 07, 2019;2565.10;2579.59;2583.18;2556.98;-;-0.57%
May 06, 2019;2579.75;2569.28;2579.75;2552.34;-;-0.05%
May 03, 2019;2580.95;2574.11;2587.09;2572.84;-;0.22%
May 02, 2019;2575.22;2558.81;2580.92;2557.69;-;0.62%
Apr 30, 2019;2559.32;2570.19;2570.33;2552.86;-;-0.41%
Apr 29, 2019;2569.83;2564.09;2577.46;2556.71;-;0.24%
Apr 26, 2019;2563.72;2560.70;2563.72;2547.87;-;0.11%
Apr 25, 2019;2560.94;2578.52;2586.93;2558.75;-;-0.70%
Apr 24, 2019;2579.05;2587.07;2587.24;2567.38;-;-0.33%
Apr 23, 2019;2587.48;2586.06;2599.58;2576.82;-;0.11%
Apr 22, 2019;2584.74;2567.24;2585.76;2567.62;-;0.81%
Apr 19, 2019;2563.90;2561.11;2566.88;2560.73;-;0.12%
Apr 18, 2019;2560.80;2567.34;2567.34;2547.37;-;-0.29%
Apr 17, 2019;2568.26;2563.47;2574.81;2560.04;-;0.33%
Apr 16, 2019;2559.84;2547.17;2567.06;2540.35;-;0.58%
Apr 15, 2019;2545.12;2564.48;2569.92;2539.74;-;-0.57%
Apr 12, 2019;2559.72;2550.87;2569.84;2547.00;-;0.32%
Apr 11, 2019;2551.45;2578.37;2587.09;2551.45;-;-1.05%
Apr 10, 2019;2578.58;2571.70;2591.69;2565.33;-;0.32%
Apr 09, 2019;2570.28;2563.85;2574.07;2556.37;-;0.40%
Apr 08, 2019;2560.07;2542.61;2560.07;2542.61;-;0.75%
Apr 05, 2019;2540.99;2535.50;2548.52;2534.78;-;0.22%
Apr 04, 2019;2535.50;2530.56;2538.36;2523.69;-;0.13%
Apr 03, 2019;2532.32;2530.90;2549.56;2530.90;-;0.18%
Apr 02, 2019;2527.77;2523.03;2532.34;2514.55;-;0.26%
Apr 01, 2019;2521.25;2498.73;2527.06;2498.73;-;0.97%
Mar 29, 2019;2497.10;2493.77;2509.65;2486.72;-;0.19%
Mar 28, 2019;2492.40;2487.70;2497.65;2482.82;-;0.20%
Mar 27, 2019;2487.48;2510.69;2514.48;2487.48;-;-1.00%
Mar 26, 2019;2512.63;2498.60;2520.02;2492.36;-;0.60%
Mar 25, 2019;2497.59;2487.89;2499.41;2473.76;-;0.20%
Mar 22, 2019;2492.70;2507.96;2509.96;2486.01;-;-0.60%
Mar 21, 2019;2507.81;2505.06;2514.72;2497.99;-;0.14%
Mar 20, 2019;2504.23;2493.37;2504.23;2484.27;-;0.44%
Mar 19, 2019;2493.28;2485.05;2497.18;2484.48;-;0.39%
Mar 18, 2019;2483.70;2477.03;2488.50;2467.45;-;0.28%
Mar 15, 2019;2476.73;2459.78;2476.73;2457.36;-;0.77%
Mar 14, 2019;2457.79;2469.38;2475.85;2454.74;-;-0.52%
Mar 13, 2019;2470.61;2468.26;2470.61;2452.09;-;0.10%
Mar 12, 2019;2468.25;2469.60;2479.40;2461.26;-;0.09%
Mar 11, 2019;2465.94;2474.45;2474.54;2459.78;-;-0.43%
Mar 07, 2019;2476.64;2491.83;2492.61;2473.31;-;-0.70%
Mar 06, 2019;2494.04;2467.70;2497.08;2467.70;-;1.13%
Mar 05, 2019;2466.23;2472.19;2473.76;2458.07;-;-0.31%
Mar 04, 2019;2473.79;2478.91;2483.27;2469.50;-;-0.17%
Mar 01, 2019;2478.01;2487.44;2494.89;2476.35;-;-0.29%
Feb 28, 2019;2485.27;2489.09;2490.57;2468.06;-;-0.22%
Feb 27, 2019;2490.65;2495.52;2502.59;2479.44;-;-0.14%
Feb 26, 2019;2494.02;2488.43;2494.02;2470.35;-;-0.02%
Feb 25, 2019;2494.63;2491.54;2506.94;2481.73;-;0.24%
Feb 22, 2019;2488.63;2470.75;2490.67;2468.14;-;0.74%
Feb 21, 2019;2470.23;2488.44;2494.05;2462.92;-;-0.71%
Feb 20, 2019;2487.82;2462.15;2487.82;2462.15;-;1.19%
Feb 19, 2019;2458.55;2471.17;2480.29;2450.17;-;-0.56%
Feb 18, 2019;2472.41;2489.79;2494.43;2456.01;-;-0.71%
Feb 15, 2019;2490.16;2465.02;2490.16;2465.02;-;1.19%
Feb 14, 2019;2460.82;2468.31;2475.50;2448.41;-;-1.00%
Feb 13, 2019;2485.76;2534.57;2535.96;2483.81;-;-1.88%
Feb 12, 2019;2533.32;2510.91;2535.66;2510.91;-;0.92%
Feb 11, 2019;2510.22;2503.88;2521.82;2503.76;-;0.30%
Feb 08, 2019;2502.82;2508.85;2511.21;2495.00;-;-0.28%
Feb 07, 2019;2509.89;2537.41;2540.45;2506.60;-;-1.17%
Feb 06, 2019;2539.73;2547.53;2551.97;2533.92;-;-0.30%
Feb 05, 2019;2547.27;2524.35;2549.62;2523.78;-;0.94%
Feb 04, 2019;2523.52;2523.04;2537.47;2519.79;-;0.07%
Feb 01, 2019;2521.70;2520.08;2531.51;2512.76;-;0.02%
Jan 31, 2019;2521.10;2517.89;2536.28;2515.86;-;0.37%
Jan 30, 2019;2511.86;2497.09;2513.77;2492.52;-;0.54%
Jan 29, 2019;2498.35;2475.68;2501.69;2464.25;-;0.87%
Jan 28, 2019;2476.81;2499.19;2502.73;2467.50;-;-0.86%
Jan 25, 2019;2498.23;2485.71;2498.23;2482.99;-;0.63%
Jan 24, 2019;2482.71;2490.05;2494.09;2470.30;-;-0.35%
Jan 23, 2019;2491.49;2467.91;2493.06;2466.59;-;0.92%
Jan 22, 2019;2468.73;2466.35;2469.87;2454.19;-;0.02%
Jan 21, 2019;2468.25;2473.67;2481.88;2468.18;-;-0.22%
Jan 18, 2019;2473.61;2454.19;2473.61;2451.65;-;1.06%
Jan 17, 2019;2447.64;2436.48;2447.64;2425.51;-;0.54%
Jan 16, 2019;2434.60;2440.34;2446.13;2426.80;-;-0.20%
Jan 15, 2019;2439.55;2442.26;2457.35;2423.86;-;-0.02%
Jan 14, 2019;2440.15;2438.35;2440.15;2418.65;-;-0.18%
Jan 11, 2019;2444.45;2435.71;2448.17;2430.45;-;0.42%
Jan 10, 2019;2434.15;2413.27;2434.15;2398.16;-;0.83%
Jan 09, 2019;2414.13;2393.55;2414.13;2393.55;-;1.02%
Jan 08, 2019;2389.69;2400.96;2403.66;2375.01;-;-0.70%
Jan 04, 2019;2406.50;2377.71;2406.50;2377.71;-;1.30%
Jan 03, 2019;2375.60;2370.56;2387.21;2350.41;-;0.26%
Dec 29, 2018;2369.33;2359.38;2370.00;2357.10;-;0.46%
Dec 28, 2018;2358.50;2329.96;2369.24;2329.96;-;1.32%
Dec 27, 2018;2327.81;2316.66;2340.63;2316.66;-;0.82%
Dec 26, 2018;2308.85;2291.98;2315.98;2291.98;-;0.79%
Dec 25, 2018;2290.86;2318.43;2318.43;2258.27;-;-1.35%
Dec 24, 2018;2322.27;2345.98;2346.36;2315.43;-;-1.06%
Dec 21, 2018;2347.17;2351.98;2351.98;2330.86;-;-0.24%
Dec 20, 2018;2352.88;2348.79;2352.88;2317.57;-;-0.24%
Dec 19, 2018;2358.58;2347.28;2360.36;2330.72;-;0.35%
Dec 18, 2018;2350.29;2353.75;2353.75;2321.57;-;-0.37%
Dec 17, 2018;2359.13;2363.55;2379.07;2354.87;-;-0.28%
Dec 14, 2018;2365.69;2376.87;2376.87;2351.62;-;-0.54%
Dec 13, 2018;2378.50;2368.30;2379.18;2359.83;-;0.34%
Dec 12, 2018;2370.35;2392.84;2395.81;2366.76;-;-1.00%
Dec 11, 2018;2394.26;2397.71;2408.07;2382.20;-;-0.11%
Dec 10, 2018;2396.84;2426.40;2429.72;2396.69;-;-1.42%
Dec 07, 2018;2431.29;2415.04;2440.03;2412.70;-;0.79%
Dec 06, 2018;2412.31;2438.79;2438.79;2391.63;-;-1.36%
Dec 05, 2018;2445.55;2425.02;2445.55;2409.32;-;0.09%
Dec 04, 2018;2443.38;2440.63;2449.92;2426.71;-;0.09%
Dec 03, 2018;2441.19;2405.18;2446.15;2405.18;-;2.04%
Nov 30, 2018;2392.50;2394.54;2402.14;2378.74;-;-0.25%
Nov 29, 2018;2398.56;2387.45;2410.49;2377.92;-;0.73%
Nov 28, 2018;2381.12;2341.11;2386.82;2341.11;-;1.81%
Nov 27, 2018;2338.71;2311.17;2345.01;2310.32;-;1.31%
Nov 26, 2018;2308.50;2344.38;2346.94;2284.30;-;-1.47%
Nov 23, 2018;2342.97;2368.39;2368.39;2334.00;-;-1.12%
Nov 22, 2018;2369.53;2358.14;2372.06;2348.04;-;0.49%
Nov 21, 2018;2357.97;2339.29;2362.28;2336.18;-;0.70%
Nov 20, 2018;2341.60;2371.71;2369.60;2323.95;-;-1.36%
Nov 19, 2018;2373.78;2375.21;2391.72;2368.45;-;0.05%
Nov 16, 2018;2372.67;2384.76;2398.20;2365.20;-;-0.37%
Nov 15, 2018;2381.45;2382.43;2396.93;2377.48;-;0.12%
Nov 14, 2018;2378.59;2368.89;2379.67;2346.68;-;0.15%
Nov 13, 2018;2374.94;2388.27;2398.95;2373.61;-;-0.79%
Nov 12, 2018;2393.81;2407.97;2425.08;2391.57;-;-0.40%
Nov 09, 2018;2403.47;2431.85;2431.85;2385.23;-;-1.44%
Nov 08, 2018;2438.62;2446.23;2454.84;2430.84;-;-0.27%
Nov 07, 2018;2445.34;2411.46;2445.34;2392.05;-;1.37%
Nov 06, 2018;2412.31;2381.38;2412.31;2381.38;-;1.44%
Nov 02, 2018;2377.95;2364.36;2385.95;2363.64;-;0.79%
Nov 01, 2018;2359.33;2352.94;2366.37;2333.09;-;0.28%
Oct 31, 2018;2352.71;2306.18;2352.71;2306.18;-;2.29%
Oct 30, 2018;2299.98;2311.54;2316.89;2283.13;-;-0.74%
Oct 29, 2018;2317.06;2290.53;2321.77;2287.05;-;1.04%
Oct 26, 2018;2293.22;2328.82;2328.82;2275.58;-;-1.65%
Oct 25, 2018;2331.59;2323.03;2336.68;2307.06;-;-0.21%
Oct 24, 2018;2336.49;2311.28;2348.87;2307.96;-;1.34%
Oct 23, 2018;2305.58;2302.84;2321.46;2289.23;-;-0.13%
Oct 22, 2018;2308.56;2347.29;2361.00;2306.26;-;-1.55%
Oct 19, 2018;2344.79;2381.06;2381.83;2342.05;-;-1.42%
Oct 18, 2018;2378.62;2408.97;2411.22;2377.37;-;-1.36%
Oct 17, 2018;2411.42;2422.45;2433.50;2400.53;-;-0.24%
Oct 16, 2018;2417.26;2387.35;2418.65;2377.81;-;1.18%
Oct 15, 2018;2389.05;2405.53;2414.16;2374.80;-;-0.58%
Oct 12, 2018;2403.02;2371.68;2407.40;2371.68;-;1.54%
Oct 11, 2018;2366.47;2386.03;2388.63;2351.68;-;-2.12%
Oct 10, 2018;2417.69;2445.78;2454.28;2411.06;-;-1.07%
Oct 09, 2018;2443.83;2459.63;2478.87;2443.83;-;-0.43%
Oct 08, 2018;2454.28;2449.95;2466.17;2436.49;-;0.14%
Oct 05, 2018;2450.90;2458.28;2466.31;2436.98;-;-0.57%
Oct 04, 2018;2465.03;2492.54;2498.07;2459.02;-;-1.16%
Oct 03, 2018;2493.91;2451.45;2501.78;2451.45;-;1.80%
Oct 02, 2018;2449.70;2475.65;2480.19;2445.51;-;-0.91%
Oct 01, 2018;2472.22;2481.45;2493.82;2461.77;-;-0.13%
Sep 28, 2018;2475.36;2467.95;2476.86;2446.53;-;0.03%
Sep 27, 2018;2474.57;2423.75;2474.57;2423.14;-;1.95%
Sep 26, 2018;2427.29;2445.35;2449.42;2421.45;-;-0.69%
Sep 25, 2018;2444.22;2432.76;2444.65;2420.30;-;0.58%
Sep 24, 2018;2430.01;2426.41;2432.64;2417.45;-;0.13%
Sep 21, 2018;2426.80;2401.35;2426.80;2401.00;-;1.08%
Sep 20, 2018;2400.89;2405.36;2434.94;2400.89;-;-0.15%
Sep 19, 2018;2404.42;2405.31;2416.53;2396.18;-;0.08%
Sep 18, 2018;2402.58;2374.09;2402.58;2372.00;-;1.21%
Sep 17, 2018;2373.75;2362.24;2373.76;2350.09;-;0.57%
Sep 14, 2018;2360.26;2359.06;2369.06;2345.51;-;0.12%
Sep 13, 2018;2357.32;2339.40;2373.61;2339.40;-;0.71%
Sep 12, 2018;2340.63;2339.77;2350.00;2328.28;-;0.23%
Sep 11, 2018;2335.19;2336.16;2345.65;2314.80;-;-0.03%
Sep 10, 2018;2335.85;2322.67;2335.85;2320.04;-;0.60%
Sep 07, 2018;2321.82;2321.66;2330.84;2305.27;-;0.05%
Sep 06, 2018;2320.65;2320.08;2342.02;2320.08;-;-0.03%
Sep 05, 2018;2321.33;2333.04;2341.37;2321.33;-;-0.64%
Sep 04, 2018;2336.38;2348.65;2358.88;2332.34;-;-0.41%
Sep 03, 2018;2346.08;2344.30;2353.09;2339.39;-;0.01%
Aug 31, 2018;2345.85;2328.52;2345.85;2310.78;-;0.64%
Aug 30, 2018;2330.92;2352.06;2359.58;2325.80;-;-0.75%
Aug 29, 2018;2348.44;2316.73;2348.44;2316.66;-;1.39%
Aug 28, 2018;2316.28;2313.85;2323.45;2310.99;-;0.14%
Aug 27, 2018;2312.93;2281.87;2312.93;2281.87;-;1.45%
Aug 24, 2018;2279.76;2258.94;2281.74;2240.71;-;0.87%
Aug 23, 2018;2260.04;2293.98;2303.47;2258.11;-;-1.61%
Aug 22, 2018;2297.06;2296.17;2306.10;2278.23;-;0.23%
Aug 21, 2018;2291.76;2274.36;2291.76;2259.81;-;0.85%
Aug 20, 2018;2272.49;2266.06;2279.52;2265.19;-;0.77%
Aug 17, 2018;2255.12;2261.69;2268.89;2247.45;-;-0.26%
Aug 16, 2018;2261.09;2269.02;2273.44;2249.77;-;-0.27%
Aug 15, 2018;2267.13;2281.40;2282.34;2246.45;-;-0.69%
Aug 14, 2018;2282.88;2298.73;2305.88;2268.92;-;-0.12%
Aug 13, 2018;2285.61;2264.60;2298.36;2255.75;-;0.46%
Aug 10, 2018;2275.05;2295.59;2308.46;2259.67;-;-1.50%
Aug 09, 2018;2309.58;2282.02;2309.58;2257.51;-;0.72%
Aug 08, 2018;2293.01;2308.62;2310.65;2275.15;-;-0.83%
Aug 07, 2018;2312.19;2303.47;2320.38;2301.21;-;0.54%
Aug 06, 2018;2299.88;2297.62;2310.96;2286.88;-;0.08%
Aug 03, 2018;2297.99;2294.37;2299.08;2277.30;-;0.12%
Aug 02, 2018;2295.15;2311.78;2321.78;2288.11;-;-0.87%
Aug 01, 2018;2315.18;2317.83;2326.36;2307.99;-;-0.26%
Jul 31, 2018;2321.11;2290.76;2321.11;2286.84;-;1.11%
Jul 30, 2018;2295.72;2288.29;2298.76;2276.68;-;0.13%
Jul 27, 2018;2292.72;2293.87;2298.07;2275.23;-;-0.02%
Jul 26, 2018;2293.07;2287.75;2300.05;2283.01;-;0.45%
Jul 25, 2018;2282.84;2268.11;2285.22;2258.31;-;0.20%
Jul 24, 2018;2278.30;2264.38;2281.62;2263.36;-;0.75%
Jul 23, 2018;2261.25;2250.57;2273.13;2250.57;-;0.60%
Jul 20, 2018;2247.82;2269.97;2274.66;2239.77;-;-0.95%
Jul 19, 2018;2269.45;2297.15;2297.15;2262.99;-;-1.10%
Jul 18, 2018;2294.78;2294.22;2303.39;2284.45;-;-0.70%
Jul 17, 2018;2310.92;2325.28;2325.28;2293.76;-;-1.00%
Jul 16, 2018;2334.18;2343.02;2352.30;2321.33;-;-0.52%
Jul 13, 2018;2346.43;2326.76;2346.43;2324.90;-;1.05%
Jul 12, 2018;2322.06;2332.23;2336.52;2307.95;-;-0.60%
Jul 11, 2018;2336.15;2355.79;2355.44;2326.24;-;-1.23%
Jul 10, 2018;2365.17;2368.28;2379.33;2359.16;-;-0.34%
Jul 09, 2018;2373.17;2351.69;2375.83;2351.69;-;1.18%
Jul 06, 2018;2345.38;2342.62;2350.97;2319.94;-;-0.06%
Jul 05, 2018;2346.86;2299.68;2346.86;2293.78;-;1.86%
Jul 04, 2018;2304.06;2301.68;2309.57;2299.45;-;0.10%
Jul 03, 2018;2301.65;2319.37;2320.41;2296.92;-;-0.76%
Jul 02, 2018;2319.31;2294.10;2327.72;2287.85;-;1.02%
Jun 29, 2018;2295.95;2262.16;2295.95;2261.58;-;2.03%
Jun 28, 2018;2250.26;2254.46;2264.76;2246.92;-;-0.15%
Jun 27, 2018;2253.60;2239.75;2265.33;2223.28;-;1.01%
Jun 26, 2018;2231.03;2238.35;2253.30;2229.47;-;-0.25%
Jun 25, 2018;2236.65;2234.22;2255.69;2232.82;-;-0.58%
Jun 22, 2018;2249.68;2250.99;2262.18;2236.44;-;0.17%
Jun 21, 2018;2245.94;2255.51;2268.93;2243.71;-;-0.46%
Jun 20, 2018;2256.27;2226.49;2263.76;2236.40;-;1.57%
Jun 19, 2018;2221.42;2216.94;2228.84;2192.63;-;-0.05%
Jun 18, 2018;2222.56;2234.53;2241.30;2216.21;-;-0.67%
Jun 15, 2018;2237.53;2254.09;2261.74;2235.93;-;-0.71%
Jun 14, 2018;2253.48;2268.94;2269.10;2247.96;-;-0.76%
Jun 13, 2018;2270.73;2275.69;2283.73;2268.36;-;-0.04%
Jun 11, 2018;2271.74;2283.64;2285.14;2260.40;-;-0.43%
Jun 09, 2018;2281.51;2268.99;2284.13;2268.99;-;0.60%
Jun 08, 2018;2267.92;2313.00;2316.92;2267.92;-;-2.08%
Jun 07, 2018;2316.07;2318.28;2326.44;2316.07;-;0.03%
Jun 06, 2018;2315.45;2319.33;2322.05;2302.70;-;-0.12%
Jun 05, 2018;2318.23;2322.71;2329.03;2310.82;-;-0.23%
Jun 04, 2018;2323.64;2299.65;2324.20;2299.65;-;1.23%
Jun 01, 2018;2295.34;2297.13;2311.95;2292.97;-;-0.33%
May 31, 2018;2302.88;2303.34;2315.15;2289.65;-;0.23%
May 30, 2018;2297.60;2298.52;2307.82;2289.21;-;-0.02%
May 29, 2018;2298.00;2314.11;2316.59;2285.41;-;-0.57%
May 28, 2018;2311.28;2306.23;2314.48;2301.82;-;0.20%
May 25, 2018;2306.57;2297.91;2316.13;2296.91;-;0.55%
May 24, 2018;2294.01;2298.73;2310.08;2289.68;-;-0.07%
May 23, 2018;2295.57;2317.00;2318.77;2294.98;-;-1.35%
May 22, 2018;2326.87;2333.89;2336.77;2317.78;-;-0.25%
May 21, 2018;2332.63;2328.42;2347.93;2328.42;-;0.24%
May 18, 2018;2326.94;2323.75;2338.94;2321.93;-;0.15%
May 17, 2018;2323.51;2342.22;2346.04;2323.51;-;-0.64%
May 16, 2018;2338.39;2336.52;2350.49;2328.86;-;0.06%
May 15, 2018;2337.03;2353.22;2354.11;2330.59;-;-0.87%
May 14, 2018;2357.62;2345.93;2358.59;2326.27;-;0.53%
May 11, 2018;2345.26;2317.60;2346.98;2317.53;-;1.40%
May 10, 2018;2312.92;2315.39;2322.45;2303.15;-;0.47%
May 08, 2018;2301.99;2292.78;2301.99;2277.17;-;0.21%
May 07, 2018;2297.12;2294.10;2313.73;2292.63;-;0.33%
May 04, 2018;2289.47;2278.90;2294.35;2278.90;-;0.68%
May 03, 2018;2274.07;2303.34;2313.85;2274.07;-;-1.40%
May 02, 2018;2306.42;2304.28;2317.43;2298.52;-;-0.03%
Apr 30, 2018;2307.02;2296.11;2322.38;2289.33;-;0.42%
Apr 28, 2018;2297.30;2300.85;2300.85;2288.23;-;-0.18%
Apr 27, 2018;2301.49;2287.95;2302.54;2281.49;-;0.68%
Apr 26, 2018;2286.02;2255.66;2286.73;2253.92;-;1.44%
Apr 25, 2018;2253.50;2245.06;2253.50;2229.66;-;-0.01%
Apr 24, 2018;2253.77;2260.17;2270.61;2245.57;-;0.12%
Apr 23, 2018;2250.99;2232.33;2250.99;2212.16;-;0.82%
Apr 20, 2018;2232.66;2231.08;2242.72;2222.81;-;0.09%
Apr 19, 2018;2230.55;2248.08;2265.92;2219.49;-;-0.49%
Apr 18, 2018;2241.49;2193.73;2246.60;2191.67;-;2.30%
Apr 17, 2018;2191.19;2173.45;2191.19;2165.21;-;2.22%
Apr 16, 2018;2143.67;2156.28;2179.75;2141.17;-;-1.45%
Apr 13, 2018;2175.16;2210.02;2219.10;2167.90;-;-1.58%
Apr 12, 2018;2210.05;2206.94;2220.83;2173.60;-;0.82%
Apr 11, 2018;2192.15;2172.45;2231.26;2157.92;-;0.85%
Apr 10, 2018;2173.76;2090.73;2199.44;2083.30;-;3.96%
Apr 09, 2018;2090.88;2272.40;2272.40;2065.32;-;-8.34%
Apr 06, 2018;2281.23;2286.35;2293.99;2274.91;-;-0.65%
Apr 05, 2018;2296.25;2270.16;2297.69;2270.16;-;1.35%
Apr 04, 2018;2265.60;2264.74;2273.53;2248.48;-;0.08%
Apr 03, 2018;2263.85;2259.80;2264.07;2245.83;-;0.32%
Apr 02, 2018;2256.64;2271.91;2294.08;2256.64;-;-0.63%
Mar 30, 2018;2270.98;2278.94;2281.54;2270.98;-;-0.16%
Mar 29, 2018;2274.62;2251.61;2274.62;2251.61;-;1.13%
Mar 28, 2018;2249.23;2260.18;2260.18;2241.07;-;-0.59%
Mar 27, 2018;2262.50;2248.11;2271.62;2243.08;-;0.97%
Mar 26, 2018;2240.85;2285.15;2285.15;2240.85;-;-1.95%
Mar 23, 2018;2285.53;2272.32;2288.15;2259.78;-;-0.01%
Mar 22, 2018;2285.76;2311.31;2317.38;2279.63;-;-1.02%
Mar 21, 2018;2309.36;2292.74;2316.08;2290.18;-;0.79%
Mar 20, 2018;2291.18;2281.53;2293.85;2263.48;-;0.41%
Mar 19, 2018;2281.72;2299.01;2302.78;2279.50;-;-0.56%
Mar 16, 2018;2294.60;2273.51;2294.60;2255.95;-;0.97%
Mar 15, 2018;2272.49;2275.06;2284.79;2262.21;-;-0.12%
Mar 14, 2018;2275.24;2316.60;2316.60;2275.24;-;-1.90%
Mar 13, 2018;2319.38;2315.24;2326.06;2305.25;-;0.06%
Mar 12, 2018;2318.01;2317.19;2326.41;2309.60;-;0.27%
Mar 09, 2018;2311.69;2290.77;2311.69;2286.23;-;0.89%
Mar 07, 2018;2291.23;2299.38;2299.38;2269.90;-;-0.52%
Mar 06, 2018;2303.32;2312.60;2325.16;2302.11;-;-0.27%
Mar 05, 2018;2309.53;2291.90;2317.01;2291.90;-;0.90%
Mar 02, 2018;2288.84;2295.15;2301.77;2263.77;-;-0.39%
Mar 01, 2018;2297.90;2286.41;2306.51;2281.22;-;0.05%
Feb 28, 2018;2296.80;2338.26;2338.26;2296.80;-;-1.93%
Feb 27, 2018;2341.89;2356.75;2357.10;2333.38;-;-0.48%
Feb 26, 2018;2353.16;2353.89;2376.96;2346.73;-;0.70%
Feb 22, 2018;2336.82;2316.09;2336.82;2307.28;-;0.71%
Feb 21, 2018;2320.32;2268.27;2320.32;2265.85;-;2.21%
Feb 20, 2018;2270.12;2256.01;2271.37;2254.92;-;0.67%
Feb 19, 2018;2254.92;2255.37;2266.89;2251.18;-;-0.02%
Feb 16, 2018;2255.27;2266.42;2283.65;2248.30;-;-0.45%
Feb 15, 2018;2265.45;2267.82;2280.27;2265.45;-;0.33%
Feb 14, 2018;2257.95;2252.95;2259.06;2232.96;-;0.33%
Feb 13, 2018;2250.63;2225.71;2250.63;2220.69;-;1.37%
Feb 12, 2018;2220.12;2208.98;2229.81;2206.28;-;1.05%
Feb 09, 2018;2197.12;2209.67;2217.89;2181.96;-;-1.35%
Feb 08, 2018;2227.24;2248.98;2259.40;2227.24;-;-1.22%
Feb 07, 2018;2254.64;2247.99;2267.35;2247.99;-;0.73%
Feb 06, 2018;2238.24;2233.31;2258.79;2222.85;-;-1.70%
Feb 05, 2018;2276.85;2272.67;2281.97;2255.43;-;-0.22%
Feb 02, 2018;2281.84;2303.06;2309.60;2272.84;-;-0.90%
Feb 01, 2018;2302.57;2292.22;2313.21;2288.31;-;0.55%
Jan 31, 2018;2289.99;2278.83;2295.88;2266.95;-;0.42%
Jan 30, 2018;2280.36;2276.37;2301.98;2264.16;-;-0.17%
Jan 29, 2018;2284.27;2295.34;2303.49;2280.92;-;-0.48%
Jan 26, 2018;2295.26;2317.15;2317.15;2281.71;-;-1.07%
Jan 25, 2018;2320.03;2311.56;2328.48;2307.62;-;0.57%
Jan 24, 2018;2306.99;2297.69;2306.99;2283.20;-;0.35%
Jan 23, 2018;2298.95;2311.99;2315.77;2281.52;-;-0.42%
Jan 22, 2018;2308.61;2286.04;2308.61;2285.32;-;0.97%
Jan 19, 2018;2286.33;2298.07;2306.79;2273.24;-;-0.48%
Jan 18, 2018;2297.47;2279.34;2299.64;2279.34;-;0.86%
Jan 17, 2018;2277.89;2250.71;2277.89;2231.70;-;0.89%
Jan 16, 2018;2257.89;2262.09;2265.64;2232.92;-;-0.16%
Jan 15, 2018;2261.53;2268.01;2280.17;2259.66;-;-0.04%
Jan 12, 2018;2262.38;2245.70;2262.38;2234.42;-;0.71%
Jan 11, 2018;2246.45;2232.19;2246.82;2221.61;-;0.64%
Jan 10, 2018;2232.27;2227.33;2233.63;2213.77;-;0.31%
Jan 09, 2018;2225.39;2211.40;2242.87;2211.40;-;0.81%
Jan 05, 2018;2207.41;2196.69;2207.41;2188.35;-;0.45%
Jan 04, 2018;2197.60;2153.87;2197.60;2153.87;-;2.07%
Jan 03, 2018;2152.97;2111.24;2152.97;2111.24;-;2.05%
Dec 29, 2017;2109.74;2102.81;2110.90;2091.93;-;0.33%
Dec 28, 2017;2102.89;2105.98;2106.25;2088.67;-;-0.16%
Dec 27, 2017;2106.17;2099.09;2108.74;2091.94;-;0.44%
Dec 26, 2017;2097.03;2105.51;2107.48;2086.61;-;-0.38%
Dec 25, 2017;2105.06;2109.38;2115.68;2100.76;-;0.10%
Dec 22, 2017;2102.94;2095.56;2109.44;2089.60;-;0.46%
Dec 21, 2017;2093.38;2101.23;2103.62;2082.29;-;-0.46%
Dec 20, 2017;2102.97;2116.97;2120.57;2101.93;-;-0.72%
Dec 19, 2017;2118.16;2133.93;2139.27;2112.99;-;-0.77%
Dec 18, 2017;2134.58;2144.92;2155.92;2122.05;-;-0.44%
Dec 15, 2017;2143.99;2151.23;2151.23;2135.85;-;-0.39%
Dec 14, 2017;2152.41;2132.54;2152.41;2127.74;-;0.96%
Dec 13, 2017;2131.94;2152.39;2158.25;2127.10;-;-1.33%
Dec 12, 2017;2160.75;2151.96;2160.75;2142.06;-;0.57%
Dec 11, 2017;2148.60;2104.62;2148.60;2104.62;-;2.07%
Dec 08, 2017;2104.99;2106.38;2118.71;2097.29;-;0.09%
Dec 07, 2017;2103.15;2120.80;2120.83;2100.87;-;-0.99%
Dec 06, 2017;2124.12;2110.80;2126.16;2102.90;-;0.49%
Dec 05, 2017;2113.69;2117.70;2117.70;2099.77;-;-0.27%
Dec 04, 2017;2119.42;2104.90;2123.08;2087.37;-;0.64%
Dec 01, 2017;2105.99;2102.54;2109.33;2091.89;-;0.26%
Nov 30, 2017;2100.62;2121.93;2123.18;2092.20;-;-1.10%
Nov 29, 2017;2124.08;2148.95;2150.88;2120.24;-;-1.18%
Nov 28, 2017;2149.45;2144.53;2149.45;2126.06;-;0.17%
Nov 27, 2017;2145.87;2159.02;2164.32;2139.12;-;-0.71%
Nov 24, 2017;2161.17;2148.59;2163.61;2144.62;-;0.59%
Nov 23, 2017;2148.56;2159.88;2160.64;2143.06;-;-0.54%
Nov 22, 2017;2160.16;2158.33;2168.01;2151.30;-;0.20%
Nov 21, 2017;2155.82;2132.50;2155.82;2132.50;-;1.19%
Nov 20, 2017;2130.39;2132.40;2139.91;2123.76;-;-0.07%
Nov 17, 2017;2131.91;2135.58;2139.43;2127.95;-;-0.03%
Nov 16, 2017;2132.65;2135.18;2147.83;2112.20;-;0.04%
Nov 15, 2017;2131.75;2159.83;2162.41;2131.75;-;-1.62%
Nov 14, 2017;2166.83;2166.11;2185.56;2166.11;-;-0.04%
Nov 13, 2017;2167.63;2169.85;2191.71;2167.63;-;-0.08%
Nov 10, 2017;2169.26;2184.64;2190.56;2166.68;-;-0.66%
Nov 09, 2017;2183.61;2162.00;2183.61;2156.48;-;0.95%
Nov 08, 2017;2163.01;2155.21;2178.42;2144.98;-;0.35%
Nov 07, 2017;2155.55;2092.78;2155.55;2092.78;-;3.57%
Nov 03, 2017;2081.15;2073.17;2096.04;2073.17;-;0.39%
Nov 02, 2017;2073.04;2080.53;2080.53;2065.69;-;-0.47%
Nov 01, 2017;2082.73;2070.68;2089.83;2068.26;-;0.89%
Oct 31, 2017;2064.31;2066.10;2079.28;2064.31;-;-0.05%
Oct 30, 2017;2065.25;2069.45;2076.96;2064.74;-;-0.17%
Oct 27, 2017;2068.76;2050.35;2068.76;2050.35;-;1.08%
Oct 26, 2017;2046.69;2049.66;2053.53;2038.26;-;-0.14%
Oct 25, 2017;2049.48;2063.20;2073.44;2048.78;-;-0.60%
Oct 24, 2017;2061.79;2064.07;2066.21;2057.69;-;-0.10%
Oct 23, 2017;2063.81;2073.55;2078.59;2060.43;-;-0.39%
Oct 20, 2017;2071.83;2076.29;2079.64;2067.91;-;-0.04%
Oct 19, 2017;2072.73;2094.56;2099.66;2071.60;-;-1.03%
Oct 18, 2017;2094.40;2091.40;2101.35;2086.45;-;0.09%
Oct 17, 2017;2092.57;2105.74;2106.49;2086.41;-;-0.66%
Oct 16, 2017;2106.39;2102.25;2106.39;2098.07;-;0.36%
Oct 13, 2017;2098.77;2094.94;2105.64;2092.40;-;0.18%
Oct 12, 2017;2094.96;2101.33;2101.33;2090.86;-;-0.29%
Oct 11, 2017;2101.07;2087.47;2103.29;2087.07;-;0.68%
Oct 10, 2017;2086.91;2096.35;2096.35;2084.49;-;-0.45%
Oct 09, 2017;2096.29;2094.16;2100.29;2086.74;-;0.12%
Oct 06, 2017;2093.86;2089.39;2103.05;2089.39;-;0.27%
Oct 05, 2017;2088.32;2076.78;2088.64;2071.19;-;0.54%
Oct 04, 2017;2077.09;2076.50;2080.05;2068.73;-;0.01%
Oct 03, 2017;2076.81;2076.53;2084.03;2072.83;-;0.05%
Oct 02, 2017;2075.72;2077.16;2083.43;2072.72;-;-0.07%
Sep 29, 2017;2077.19;2071.33;2077.28;2068.39;-;0.27%
Sep 28, 2017;2071.64;2080.73;2084.39;2068.54;-;-0.46%
Sep 27, 2017;2081.12;2072.27;2085.14;2065.79;-;0.48%
Sep 26, 2017;2071.13;2071.62;2086.65;2070.49;-;0.10%
Sep 25, 2017;2069.11;2050.52;2070.82;2046.01;-;0.85%
Sep 22, 2017;2051.63;2059.01;2059.01;2046.35;-;-0.42%
Sep 21, 2017;2060.24;2056.27;2066.41;2051.68;-;0.13%
Sep 20, 2017;2057.53;2048.86;2058.08;2044.23;-;0.42%
Sep 19, 2017;2048.99;2057.36;2059.16;2046.61;-;-0.49%
Sep 18, 2017;2059.08;2055.41;2062.75;2053.60;-;0.26%
Sep 15, 2017;2053.81;2051.47;2061.60;2041.28;-;0.08%
Sep 14, 2017;2052.25;2054.66;2055.93;2036.22;-;-0.09%
Sep 13, 2017;2054.19;2059.40;2072.96;2054.19;-;-0.22%
Sep 12, 2017;2058.80;2045.85;2059.96;2044.07;-;0.72%
Sep 11, 2017;2044.13;2038.78;2049.07;2032.92;-;0.56%
Sep 08, 2017;2032.75;2010.55;2037.48;2010.55;-;1.12%
Sep 07, 2017;2010.17;2017.52;2025.37;2010.17;-;-0.22%
Sep 06, 2017;2014.60;2001.97;2015.63;1992.68;-;0.53%
Sep 05, 2017;2004.02;2005.23;2014.03;1995.94;-;0.03%
Sep 04, 2017;2003.32;2005.08;2012.29;1999.84;-;-0.38%
Sep 01, 2017;2010.98;2021.93;2030.37;2008.49;-;-0.56%
Aug 31, 2017;2022.22;2006.07;2030.86;2001.66;-;0.66%
Aug 30, 2017;2008.88;1993.00;2009.29;1988.78;-;0.99%
Aug 29, 2017;1989.12;1986.10;1989.12;1967.11;-;0.10%
Aug 28, 2017;1987.15;1978.79;1987.23;1972.76;-;0.40%
Aug 25, 2017;1979.14;1973.44;1981.79;1973.39;-;0.29%
Aug 24, 2017;1973.50;1958.83;1973.50;1958.83;-;0.76%
Aug 23, 2017;1958.52;1947.77;1958.58;1944.30;-;0.57%
Aug 22, 2017;1947.40;1939.95;1948.28;1938.90;-;0.50%
Aug 21, 2017;1937.66;1932.25;1943.78;1932.25;-;0.36%
Aug 18, 2017;1930.71;1937.51;1937.51;1921.34;-;-0.56%
Aug 17, 2017;1941.52;1941.55;1947.95;1936.95;-;-0.07%
Aug 16, 2017;1942.88;1952.11;1957.62;1941.07;-;-0.38%
Aug 15, 2017;1950.28;1950.42;1952.60;1938.58;-;-0.08%
Aug 14, 2017;1951.75;1947.69;1960.38;1946.67;-;0.36%
Aug 11, 2017;1944.83;1953.56;1953.56;1933.69;-;-0.79%
Aug 10, 2017;1960.23;1977.15;1983.74;1959.05;-;-0.79%
Aug 09, 2017;1975.91;1985.31;1987.95;1973.08;-;-0.69%
Aug 08, 2017;1989.61;1970.30;1989.77;1969.75;-;0.98%
Aug 07, 2017;1970.37;1953.62;1970.96;1953.62;-;0.86%
Aug 04, 2017;1953.49;1962.46;1962.46;1950.57;-;-0.60%
Aug 03, 2017;1965.29;1965.56;1976.36;1961.38;-;-0.01%
Aug 02, 2017;1965.48;1940.95;1966.97;1940.77;-;1.31%
Aug 01, 2017;1940.14;1924.77;1948.62;1924.77;-;1.07%
Jul 31, 2017;1919.53;1917.34;1930.27;1904.56;-;0.15%
Jul 28, 2017;1916.75;1940.79;1940.79;1904.26;-;-1.46%
Jul 27, 2017;1945.12;1935.12;1945.12;1935.12;-;0.62%
Jul 26, 2017;1933.10;1928.13;1938.56;1923.90;-;0.49%
Jul 25, 2017;1923.73;1931.92;1936.25;1913.24;-;-0.42%
Jul 24, 2017;1931.75;1921.52;1934.25;1914.60;-;0.34%
Jul 21, 2017;1925.13;1946.19;1946.19;1921.00;-;-1.10%
Jul 20, 2017;1946.51;1952.10;1959.33;1941.38;-;-0.28%
Jul 19, 2017;1951.89;1929.67;1951.89;1925.70;-;0.21%
Jul 18, 2017;1947.71;1956.56;1966.86;1944.81;-;-0.58%
Jul 17, 2017;1959.11;1963.29;1972.49;1949.55;-;-0.08%
Jul 14, 2017;1960.69;1959.86;1967.60;1955.09;-;0.04%
Jul 13, 2017;1959.91;1951.66;1963.37;1946.61;-;0.28%
Jul 12, 2017;1954.39;1938.36;1957.02;1938.36;-;0.86%
Jul 11, 2017;1937.64;1927.34;1938.11;1919.19;-;0.62%
Jul 10, 2017;1925.74;1912.76;1928.10;1908.99;-;0.69%
Jul 07, 2017;1912.48;1906.72;1914.29;1897.87;-;-0.56%
Jul 06, 2017;1923.22;1920.59;1929.43;1911.96;-;0.10%
Jul 05, 2017;1921.38;1917.36;1924.53;1912.31;-;0.21%
Jul 04, 2017;1917.40;1902.64;1919.23;1899.17;-;0.78%
Jul 03, 2017;1902.59;1886.72;1902.59;1881.98;-;1.23%
Jun 30, 2017;1879.50;1879.16;1895.98;1877.57;-;-0.08%
Jun 29, 2017;1881.04;1896.12;1902.80;1877.13;-;-0.58%
Jun 28, 2017;1891.98;1877.04;1893.65;1864.88;-;0.69%
Jun 27, 2017;1878.94;1857.24;1884.41;1849.42;-;1.00%
Jun 26, 2017;1860.39;1870.33;1880.11;1857.03;-;-0.38%
Jun 23, 2017;1867.46;1859.63;1876.36;1850.22;-;0.40%
Jun 22, 2017;1860.05;1842.62;1863.42;1836.02;-;0.50%
Jun 21, 2017;1850.81;1858.24;1861.03;1844.06;-;-0.38%
Jun 20, 2017;1857.96;1850.38;1870.56;1846.70;-;0.44%
Jun 19, 2017;1849.78;1820.83;1851.70;1820.11;-;1.47%
Jun 16, 2017;1822.91;1818.87;1833.70;1811.45;-;0.28%
Jun 15, 2017;1817.82;1833.42;1833.42;1774.56;-;-1.12%
Jun 14, 2017;1838.32;1861.50;1862.30;1834.51;-;-1.23%
Jun 13, 2017;1861.27;1871.07;1871.29;1857.26;-;-1.17%
Jun 09, 2017;1883.34;1873.26;1888.92;1866.30;-;0.49%
Jun 08, 2017;1874.21;1869.49;1874.45;1851.63;-;0.31%
Jun 07, 2017;1868.42;1870.69;1889.45;1867.97;-;-0.09%
Jun 06, 2017;1870.04;1877.36;1882.94;1867.88;-;-0.41%
Jun 05, 2017;1877.69;1882.83;1894.50;1871.29;-;-0.22%
Jun 02, 2017;1881.87;1868.75;1881.97;1849.57;-;0.65%
Jun 01, 2017;1869.66;1900.89;1904.82;1862.60;-;-1.62%
May 31, 2017;1900.38;1934.03;1936.65;1893.39;-;-1.68%
May 30, 2017;1932.91;1938.06;1939.74;1927.28;-;-0.40%
May 29, 2017;1940.77;1934.66;1945.82;1931.45;-;0.34%
May 26, 2017;1934.25;1944.16;1945.03;1930.76;-;-0.67%
May 25, 2017;1947.26;1955.83;1960.95;1939.97;-;-0.24%
May 24, 2017;1951.98;1958.22;1965.95;1936.99;-;-0.42%
May 23, 2017;1960.16;1950.27;1966.19;1945.50;-;0.49%
May 22, 2017;1950.51;1966.66;1966.66;1941.78;-;-0.61%
May 19, 2017;1962.40;1969.73;1977.03;1954.32;-;-0.27%
May 18, 2017;1967.66;1989.05;1996.85;1961.20;-;-1.34%
May 17, 2017;1994.35;1989.02;1999.56;1982.97;-;0.07%
May 16, 2017;1992.94;2000.20;2002.25;1987.21;-;-0.51%
May 15, 2017;2003.12;1995.60;2008.11;1984.06;-;0.43%
May 12, 2017;1994.58;2003.92;2004.03;1983.83;-;-0.40%
May 11, 2017;2002.54;2028.26;2028.58;1991.81;-;-1.27%
May 10, 2017;2028.21;2012.84;2028.21;2005.40;-;1.29%
May 05, 2017;2002.41;1989.88;2002.41;1982.97;-;0.18%
May 04, 2017;1998.87;1994.16;2015.61;1989.44;-;0.26%
May 03, 2017;1993.66;2024.40;2027.65;1992.33;-;-1.64%
May 02, 2017;2026.85;2022.19;2044.24;2020.55;-;0.50%
Apr 28, 2017;2016.71;2021.74;2031.06;2011.02;-;0.25%
Apr 27, 2017;2011.67;2024.49;2024.49;2005.35;-;-0.75%
Apr 26, 2017;2026.92;2000.80;2031.08;1994.52;-;1.43%
Apr 25, 2017;1998.41;1983.23;2002.37;1969.04;-;0.95%
Apr 24, 2017;1979.57;1954.31;1979.76;1954.31;-;1.79%
Apr 21, 2017;1944.72;1932.82;1955.43;1932.82;-;0.65%
Apr 20, 2017;1932.17;1912.70;1932.25;1900.72;-;0.82%
Apr 19, 2017;1916.50;1920.19;1932.81;1911.35;-;-0.20%
Apr 18, 2017;1920.29;1944.28;1949.52;1914.44;-;-1.15%
Apr 17, 2017;1942.72;1917.13;1944.93;1902.48;-;1.38%
Apr 14, 2017;1916.29;1943.65;1943.65;1913.71;-;-1.46%
Apr 13, 2017;1944.70;1954.39;1954.81;1916.67;-;-0.16%
Apr 12, 2017;1947.88;1985.69;1986.56;1942.58;-;-1.52%
Apr 11, 2017;1977.95;1969.12;1994.26;1965.80;-;0.34%
Apr 10, 2017;1971.23;2017.75;2018.03;1965.58;-;-2.43%
Apr 07, 2017;2020.23;2046.78;2048.63;2010.92;-;-1.68%
Apr 06, 2017;2054.69;2052.05;2058.11;2043.42;-;-0.08%
Apr 05, 2017;2056.32;2028.71;2057.03;2028.12;-;1.51%
Apr 04, 2017;2025.69;2007.90;2028.01;2005.61;-;0.85%
Apr 03, 2017;2008.61;1998.55;2014.18;1992.67;-;0.64%
Mar 31, 2017;1995.90;2021.16;2022.24;1992.95;-;-1.28%
Mar 30, 2017;2021.88;2025.00;2026.94;2012.07;-;-0.09%
Mar 29, 2017;2023.71;2032.49;2037.58;2013.13;-;-0.43%
Mar 28, 2017;2032.54;2016.95;2032.54;2010.92;-;0.96%
Mar 27, 2017;2013.16;2034.10;2034.10;1997.92;-;-1.30%
Mar 24, 2017;2039.77;2047.78;2052.90;2036.30;-;-0.55%
Mar 23, 2017;2051.04;2065.37;2072.91;2040.18;-;-0.51%
Mar 22, 2017;2061.53;2042.65;2061.53;2030.55;-;0.66%
Mar 21, 2017;2048.07;2045.19;2067.40;2040.55;-;0.26%
Mar 20, 2017;2042.72;2038.99;2051.50;2024.85;-;0.28%
Mar 17, 2017;2036.96;2015.59;2045.85;2013.82;-;1.12%
Mar 16, 2017;2014.37;2001.82;2021.05;1998.24;-;1.09%
Mar 15, 2017;1992.59;2003.09;2018.39;1989.12;-;-0.43%
Mar 14, 2017;2001.25;2001.40;2018.42;1990.55;-;0.06%
Mar 13, 2017;2000.14;1972.66;2001.71;1968.61;-;1.33%
Mar 10, 2017;1973.96;1977.75;1989.06;1965.23;-;-0.01%
Mar 09, 2017;1974.24;2010.85;2020.04;1971.73;-;-2.50%
Mar 07, 2017;2024.84;2047.59;2048.98;2009.00;-;-1.10%
Mar 06, 2017;2047.42;2056.63;2071.69;2045.28;-;-0.46%
Mar 03, 2017;2056.89;2046.61;2056.89;2032.27;-;0.39%
Mar 02, 2017;2049.00;2062.61;2076.71;2044.25;-;-0.53%
Mar 01, 2017;2059.87;2034.28;2063.67;2030.49;-;1.18%
Feb 28, 2017;2035.77;2057.74;2057.77;2027.05;-;-1.01%
Feb 27, 2017;2056.46;2095.51;2097.20;2054.93;-;-1.75%
Feb 24, 2017;2093.09;2106.96;2106.96;2081.35;-;-0.63%
Feb 22, 2017;2106.30;2128.98;2130.80;2094.85;-;-1.01%
Feb 21, 2017;2127.72;2118.85;2135.97;2111.55;-;0.41%
Feb 20, 2017;2119.09;2132.47;2136.80;2113.03;-;-0.43%
Feb 17, 2017;2128.21;2148.58;2148.84;2125.45;-;-0.94%
Feb 16, 2017;2148.48;2138.70;2148.48;2127.04;-;0.53%
Feb 15, 2017;2137.08;2140.20;2156.36;2109.93;-;-0.21%
Feb 14, 2017;2141.50;2162.13;2162.13;2135.01;-;-0.92%
Feb 13, 2017;2161.49;2165.12;2174.73;2150.52;-;-0.03%
Feb 10, 2017;2162.19;2176.79;2182.18;2156.81;-;-0.54%
Feb 09, 2017;2173.98;2192.24;2196.08;2160.42;-;-0.71%
Feb 08, 2017;2189.61;2215.34;2217.37;2180.21;-;-1.31%
Feb 07, 2017;2218.77;2210.87;2218.77;2201.22;-;0.37%
Feb 06, 2017;2210.51;2228.85;2230.86;2202.20;-;-0.72%
Feb 03, 2017;2226.61;2219.49;2228.05;2213.22;-;0.41%
Feb 02, 2017;2217.56;2231.66;2236.80;2210.14;-;-0.63%
Feb 01, 2017;2231.68;2219.19;2231.68;2214.00;-;0.64%
Jan 31, 2017;2217.39;2233.66;2240.57;2215.79;-;-0.75%
Jan 30, 2017;2234.14;2263.63;2263.63;2231.40;-;-1.41%
Jan 27, 2017;2266.05;2226.87;2266.05;2219.67;-;1.65%
Jan 26, 2017;2229.20;2179.34;2230.77;2179.34;-;2.44%
Jan 25, 2017;2176.00;2175.40;2178.92;2163.55;-;0.06%
Jan 24, 2017;2174.59;2147.51;2174.59;2147.51;-;1.33%
Jan 23, 2017;2146.09;2160.13;2160.13;2136.35;-;-0.64%
Jan 20, 2017;2159.96;2162.71;2165.88;2147.19;-;-0.11%
Jan 19, 2017;2162.25;2171.45;2178.22;2151.43;-;-0.36%
Jan 18, 2017;2170.09;2180.64;2190.00;2165.32;-;-0.40%
Jan 17, 2017;2178.73;2189.95;2195.36;2167.88;-;-0.47%
Jan 16, 2017;2189.07;2195.67;2202.39;2180.78;-;-0.28%
Jan 13, 2017;2195.19;2214.24;2217.47;2173.39;-;-0.76%
Jan 12, 2017;2212.00;2224.02;2228.55;2205.55;-;-0.30%
Jan 11, 2017;2218.61;2233.62;2239.87;2211.16;-;-0.84%
Jan 10, 2017;2237.49;2209.53;2237.88;2205.87;-;1.19%
Jan 09, 2017;2211.25;2217.74;2227.88;2201.60;-;-0.12%
