"Date","Price","Open","High","Low","Change %"
"Dec 30, 2019","61.9863","62.0332","62.0662","61.6533","-0.08%"
"Dec 27, 2019","62.0332","62.2138","62.2138","61.8039","-0.29%"
"Dec 26, 2019","62.2138","61.8489","62.2495","61.6778","0.59%"
"Dec 25, 2019","61.8489","61.9669","61.9675","61.5403","-0.19%"
"Dec 24, 2019","61.9669","62.2680","62.2722","61.9055","-0.48%"
"Dec 23, 2019","62.2680","62.2634","62.3541","62.1411","0.01%"
"Dec 20, 2019","62.2634","62.4133","62.4660","62.0157","-0.24%"
"Dec 19, 2019","62.4133","62.6610","62.6650","62.3051","-0.40%"
"Dec 18, 2019","62.6610","62.4038","62.7145","62.4038","0.41%"
"Dec 17, 2019","62.4038","62.4428","62.7320","62.3606","-0.06%"
"Dec 16, 2019","62.4428","62.8650","62.8650","62.3818","-0.67%"
"Dec 13, 2019","62.8624","62.8402","62.9386","62.1662","0.04%"
"Dec 12, 2019","62.8402","63.2695","63.2908","62.6998","-0.68%"
"Dec 11, 2019","63.2695","63.5011","63.6103","63.2680","-0.36%"
"Dec 10, 2019","63.5011","63.5847","63.6574","63.4610","-0.13%"
"Dec 09, 2019","63.5847","63.7533","63.8005","63.5492","-0.26%"
"Dec 06, 2019","63.7533","63.7294","63.8328","63.6037","0.04%"
"Dec 05, 2019","63.7294","63.9429","63.9500","63.7195","-0.33%"
"Dec 04, 2019","63.9429","64.1502","64.2392","63.8314","-0.32%"
"Dec 03, 2019","64.1502","64.1748","64.2860","64.0723","-0.04%"
"Dec 02, 2019","64.1748","64.3195","64.4819","64.1647","-0.22%"
"Nov 29, 2019","64.3195","64.0735","64.3414","64.0200","0.38%"
"Nov 28, 2019","64.0735","63.9615","64.1827","63.9615","0.18%"
"Nov 27, 2019","63.9615","63.9516","64.1033","63.9067","0.02%"
"Nov 26, 2019","63.9516","63.9381","64.1313","63.9139","0.02%"
"Nov 25, 2019","63.9381","63.8623","64.0615","63.7324","0.12%"
"Nov 22, 2019","63.8623","63.7094","63.8993","63.6189","0.24%"
"Nov 21, 2019","63.7094","63.8991","63.8991","63.6612","-0.30%"
"Nov 20, 2019","63.8991","63.8192","64.1045","63.7915","0.13%"
"Nov 19, 2019","63.8192","63.8278","63.8813","63.6491","-0.01%"
"Nov 18, 2019","63.8278","63.7628","63.9452","63.6951","0.10%"
"Nov 15, 2019","63.7628","63.9828","63.9828","63.7105","-0.34%"
"Nov 14, 2019","63.9828","64.3456","64.3500","63.9828","-0.56%"
"Nov 13, 2019","64.3456","64.2272","64.4617","64.1344","0.18%"
"Nov 12, 2019","64.2272","63.8874","64.2762","63.7840","0.53%"
"Nov 11, 2019","63.8874","63.8046","63.9815","63.8000","0.13%"
"Nov 08, 2019","63.8046","63.5284","63.9529","63.5200","0.43%"
"Nov 07, 2019","63.5284","63.8725","63.9078","63.3811","-0.54%"
"Nov 06, 2019","63.8725","63.4946","64.0269","63.4946","0.60%"
"Nov 05, 2019","63.4946","63.5244","63.6775","63.1816","-0.05%"
"Nov 01, 2019","63.5244","64.1328","64.1328","63.3764","-0.95%"
"Oct 31, 2019","64.1328","63.8536","64.1799","63.7098","0.44%"
"Oct 30, 2019","63.8536","63.9463","64.1397","63.7704","-0.14%"
"Oct 29, 2019","63.9463","63.7520","64.0240","63.7520","0.30%"
"Oct 28, 2019","63.7520","63.8639","63.9327","63.5714","-0.18%"
"Oct 25, 2019","63.8639","64.0693","64.0703","63.6539","-0.32%"
"Oct 24, 2019","64.0693","63.9333","64.1383","63.7570","0.21%"
"Oct 23, 2019","63.9333","63.7282","63.9887","63.7021","0.32%"
"Oct 22, 2019","63.7282","63.7151","63.7964","63.5624","0.02%"
"Oct 21, 2019","63.7151","63.7651","63.8470","63.6337","-0.08%"
"Oct 18, 2019","63.7651","64.1176","64.1176","63.7616","-0.55%"
"Oct 17, 2019","64.1176","64.0773","64.2211","63.8570","0.06%"
"Oct 16, 2019","64.0773","64.2749","64.4443","64.0619","-0.31%"
"Oct 15, 2019","64.2749","64.2950","64.5010","64.1945","-0.03%"
"Oct 14, 2019","64.2950","64.2224","64.4268","64.2050","0.11%"
"Oct 11, 2019","64.2224","64.4582","64.4582","64.0243","-0.37%"
"Oct 10, 2019","64.4582","64.8895","64.8895","64.4066","-0.66%"
"Oct 09, 2019","64.8895","65.2004","65.2004","64.8222","-0.48%"
"Oct 08, 2019","65.2004","64.9596","65.3465","64.7777","0.37%"
"Oct 07, 2019","64.9596","64.6288","64.9738","64.6150","0.51%"
"Oct 04, 2019","64.6288","65.1317","65.1317","64.5483","-0.77%"
"Oct 03, 2019","65.1317","65.2033","65.3590","65.0340","-0.11%"
"Oct 02, 2019","65.2033","65.2647","65.5575","65.0385","-0.09%"
"Oct 01, 2019","65.2647","64.8569","65.4345","64.8569","0.63%"
"Sep 30, 2019","64.8569","64.6841","65.0026","64.5845","0.27%"
"Sep 27, 2019","64.6841","64.2124","64.7088","64.2100","0.73%"
"Sep 26, 2019","64.2124","64.1506","64.3728","64.1151","0.10%"
"Sep 25, 2019","64.1506","63.9902","64.4728","63.9850","0.25%"
"Sep 24, 2019","63.9902","63.8469","64.0000","63.6178","0.22%"
"Sep 23, 2019","63.8469","64.0200","64.0641","63.8093","-0.27%"
"Sep 20, 2019","64.0200","63.9748","64.0818","63.7131","0.07%"
"Sep 19, 2019","63.9748","64.1630","64.2978","63.8195","-0.29%"
"Sep 18, 2019","64.1630","64.3652","64.5024","64.1294","-0.31%"
"Sep 17, 2019","64.3652","64.0405","64.4628","63.9875","0.51%"
"Sep 16, 2019","64.0405","64.3403","64.3403","63.6608","-0.47%"
"Sep 13, 2019","64.3403","64.7151","64.7151","64.1535","-0.58%"
"Sep 12, 2019","64.7151","65.4915","65.5000","64.6921","-1.19%"
"Sep 11, 2019","65.4915","65.4233","65.6365","65.2928","0.10%"
"Sep 10, 2019","65.4233","65.5344","65.5544","65.2531","-0.17%"
"Sep 09, 2019","65.5344","65.7289","65.7306","65.3556","-0.30%"
"Sep 06, 2019","65.7289","66.2335","66.2335","65.5992","-0.76%"
"Sep 05, 2019","66.2335","66.2255","66.2721","65.8993","0.01%"
"Sep 04, 2019","66.2255","66.7693","66.7693","66.0808","-0.81%"
"Sep 03, 2019","66.7693","66.7973","67.1226","66.7571","-0.04%"
"Sep 02, 2019","66.7973","66.7657","66.8400","66.5661","0.05%"
"Aug 30, 2019","66.7657","66.5718","66.8122","66.3116","0.29%"
"Aug 29, 2019","66.5718","66.7779","66.8906","66.4315","-0.31%"
"Aug 28, 2019","66.7779","66.4352","66.9534","66.3505","0.52%"
"Aug 27, 2019","66.4352","66.0593","66.6895","66.0593","0.57%"
"Aug 26, 2019","66.0593","65.9990","66.1425","65.8549","0.09%"
"Aug 23, 2019","65.9990","65.6081","66.1938","65.5353","0.60%"
"Aug 22, 2019","65.6081","65.7540","65.9159","65.4560","-0.22%"
"Aug 21, 2019","65.7540","66.5455","66.5650","65.6492","-1.19%"
"Aug 20, 2019","66.5455","66.8987","67.0161","66.4327","-0.53%"
"Aug 19, 2019","66.8987","66.5148","67.0208","66.2737","0.58%"
"Aug 16, 2019","66.5148","66.0533","66.5583","65.8631","0.70%"
"Aug 15, 2019","66.0533","66.0531","66.5719","65.6800","0.00%"
"Aug 14, 2019","66.0531","64.9112","66.1049","64.9112","1.76%"
"Aug 13, 2019","64.9112","65.4132","65.8733","64.7982","-0.77%"
"Aug 12, 2019","65.4132","65.2816","65.6800","65.2665","0.20%"
"Aug 09, 2019","65.2816","65.0435","65.5219","65.0435","0.37%"
"Aug 08, 2019","65.0435","65.3237","65.4239","65.0346","-0.43%"
"Aug 07, 2019","65.3237","65.2723","65.6488","64.9631","0.08%"
"Aug 06, 2019","65.2723","65.5195","65.5297","65.0004","-0.38%"
"Aug 05, 2019","65.5195","65.2713","65.5939","64.8628","0.38%"
"Aug 02, 2019","65.2713","64.3518","65.4140","64.3518","1.43%"
"Aug 01, 2019","64.3518","63.6284","64.3773","63.6250","1.14%"
"Jul 31, 2019","63.6284","63.5067","63.7801","63.2563","0.19%"
"Jul 30, 2019","63.5067","63.4357","63.7248","63.2490","0.11%"
"Jul 29, 2019","63.4357","63.3663","63.6257","63.3663","0.11%"
"Jul 26, 2019","63.3663","63.2336","63.4933","63.0703","0.21%"
"Jul 25, 2019","63.2336","63.2936","63.2975","62.8660","-0.09%"
"Jul 24, 2019","63.2936","63.1609","63.3060","63.0116","0.21%"
"Jul 23, 2019","63.1609","63.0960","63.3266","63.0841","0.10%"
"Jul 22, 2019","63.0960","63.0295","63.1268","62.9305","0.11%"
"Jul 19, 2019","63.0295","62.8087","63.0550","62.8026","0.35%"
"Jul 18, 2019","62.8087","62.9353","63.1322","62.7676","-0.20%"
"Jul 17, 2019","62.9353","63.0391","63.0418","62.7246","-0.16%"
"Jul 16, 2019","63.0391","62.6628","63.0780","62.6494","0.60%"
"Jul 15, 2019","62.6628","62.9505","62.9897","62.5655","-0.46%"
"Jul 12, 2019","62.9505","62.8166","63.1919","62.8150","0.21%"
"Jul 11, 2019","62.8166","63.1755","63.1800","62.7697","-0.57%"
"Jul 10, 2019","63.1755","63.9014","63.9118","63.1217","-1.14%"
"Jul 09, 2019","63.9014","63.6823","63.9381","63.6823","0.34%"
"Jul 08, 2019","63.6823","63.8159","63.9788","63.4958","-0.21%"
"Jul 05, 2019","63.8159","63.4766","63.8618","63.4375","0.53%"
"Jul 04, 2019","63.4766","63.3220","63.5159","63.3196","0.24%"
"Jul 03, 2019","63.3220","63.3110","63.6587","63.2836","0.02%"
"Jul 02, 2019","63.3110","62.9730","63.3841","62.9601","0.54%"
"Jul 01, 2019","62.9730","63.2305","63.2397","62.7962","-0.41%"
"Jun 28, 2019","63.2305","63.0788","63.2768","62.8587","0.24%"
"Jun 27, 2019","63.0788","63.0602","63.1348","62.9433","0.03%"
"Jun 26, 2019","63.0602","62.8613","63.2246","62.7676","0.32%"
"Jun 25, 2019","62.8613","62.5840","63.0229","62.4997","0.44%"
"Jun 24, 2019","62.5840","63.0073","63.0250","62.5838","-0.67%"
"Jun 21, 2019","63.0073","62.9100","63.5455","62.8903","0.15%"
"Jun 20, 2019","62.9100","63.7783","63.7850","62.8732","-1.36%"
"Jun 19, 2019","63.7783","64.0250","64.0485","63.7155","-0.39%"
"Jun 18, 2019","64.0250","64.3192","64.3840","63.9222","-0.46%"
"Jun 17, 2019","64.3192","64.3011","64.3525","64.1405","-0.11%"
"Jun 14, 2019","64.3915","64.5806","64.5806","64.2199","-0.29%"
"Jun 13, 2019","64.5806","64.5588","64.7037","64.5014","0.03%"
"Jun 11, 2019","64.5588","64.7798","64.7798","64.4483","-0.34%"
"Jun 10, 2019","64.7798","64.8700","64.8800","64.6364","-0.14%"
"Jun 07, 2019","64.8700","65.0850","65.1459","64.7622","-0.33%"
"Jun 06, 2019","65.0850","65.3773","65.3950","65.0258","-0.45%"
"Jun 05, 2019","65.3773","65.1582","65.3877","64.9648","0.34%"
"Jun 04, 2019","65.1582","65.3445","65.3445","65.0033","-0.29%"
"Jun 03, 2019","65.3445","65.4306","65.5914","65.1698","-0.13%"
"May 31, 2019","65.4306","65.1893","65.5838","65.1331","0.37%"
"May 30, 2019","65.1893","64.9661","65.1975","64.8900","0.34%"
"May 29, 2019","64.9661","64.7077","65.3771","64.7077","0.40%"
"May 28, 2019","64.7077","64.4589","64.7413","64.4589","0.39%"
"May 27, 2019","64.4589","64.4809","64.4991","64.3664","-0.03%"
"May 24, 2019","64.4809","64.8495","64.8550","64.4082","-0.57%"
"May 23, 2019","64.8495","64.3877","64.9204","64.3877","0.72%"
"May 22, 2019","64.3877","64.4213","64.4700","64.1531","-0.05%"
"May 21, 2019","64.4213","64.5266","64.6043","64.3503","-0.16%"
"May 20, 2019","64.5266","64.7683","64.7774","64.4320","-0.37%"
"May 17, 2019","64.7683","64.6215","64.7965","64.5597","0.23%"
"May 16, 2019","64.6215","64.6534","64.6639","64.4030","-0.05%"
"May 15, 2019","64.6534","64.9450","64.9557","64.4918","-0.45%"
"May 14, 2019","64.9450","65.4278","65.4320","64.8605","-0.74%"
"May 13, 2019","65.4278","65.1033","65.5447","65.0750","0.50%"
"May 10, 2019","65.1033","65.0687","65.4374","65.0601","0.05%"
"May 08, 2019","65.0687","65.3974","65.4075","64.9194","-0.50%"
"May 07, 2019","65.3974","65.2236","65.4535","65.0155","0.27%"
"May 06, 2019","65.2236","65.0880","65.4943","65.0580","0.21%"
"May 03, 2019","65.0880","65.4368","65.5983","65.0215","-0.53%"
"May 02, 2019","65.4368","64.6373","65.5574","64.6225","1.24%"
"Apr 30, 2019","64.6373","64.4728","64.8585","64.3364","0.26%"
"Apr 29, 2019","64.4728","64.7334","64.7545","64.4138","-0.40%"
"Apr 26, 2019","64.7334","64.6565","64.8678","64.5910","0.12%"
"Apr 25, 2019","64.6565","64.3406","64.9696","64.3225","0.49%"
"Apr 24, 2019","64.3406","63.6853","64.4923","63.6853","1.03%"
"Apr 23, 2019","63.6853","63.8083","63.8839","63.6600","-0.19%"
"Apr 22, 2019","63.8083","64.0515","64.0515","63.7479","-0.38%"
"Apr 19, 2019","64.0515","63.8939","64.0749","63.8925","0.25%"
"Apr 18, 2019","63.8939","63.8584","64.1490","63.8453","0.06%"
"Apr 17, 2019","63.8584","64.1045","64.1045","63.8009","-0.38%"
"Apr 16, 2019","64.1045","64.2670","64.4387","64.0820","-0.25%"
"Apr 15, 2019","64.2670","64.3497","64.3793","64.1838","-0.13%"
"Apr 12, 2019","64.3497","64.6097","64.6273","64.1372","-0.40%"
"Apr 11, 2019","64.6097","64.3223","64.7026","64.2925","0.45%"
"Apr 10, 2019","64.3223","64.9032","64.9200","64.2182","-0.90%"
"Apr 09, 2019","64.9032","64.8788","64.9440","64.6446","0.04%"
"Apr 08, 2019","64.8788","65.3465","65.4474","64.8175","-0.72%"
"Apr 05, 2019","65.3465","65.4796","65.4796","65.1690","-0.20%"
"Apr 04, 2019","65.4796","65.2355","65.6046","65.1942","0.37%"
"Apr 03, 2019","65.2355","65.2990","65.4300","65.0493","-0.10%"
"Apr 02, 2019","65.2990","65.1784","65.5466","65.1725","0.19%"
"Apr 01, 2019","65.1784","65.6340","65.7027","65.1553","-0.69%"
"Mar 29, 2019","65.6340","64.9382","65.7408","64.6030","1.07%"
"Mar 28, 2019","64.9382","64.8291","65.2826","64.7134","0.17%"
"Mar 27, 2019","64.8291","64.3919","64.9777","64.3919","0.68%"
"Mar 26, 2019","64.3919","64.0807","64.4668","64.0475","0.49%"
"Mar 25, 2019","64.0807","64.6616","64.6616","63.9326","-0.90%"
"Mar 22, 2019","64.6616","63.8684","64.8218","63.7138","1.24%"
"Mar 21, 2019","63.8684","63.8577","63.9472","63.6476","0.02%"
"Mar 20, 2019","63.8577","64.3800","64.3900","63.6733","-0.81%"
"Mar 19, 2019","64.3800","64.3651","64.5715","64.1864","0.02%"
"Mar 18, 2019","64.3651","64.8075","64.8150","64.1468","-0.68%"
"Mar 15, 2019","64.8075","65.5140","65.5140","64.8038","-1.08%"
"Mar 14, 2019","65.5140","65.3932","65.5892","65.3209","0.18%"
"Mar 13, 2019","65.3932","65.6236","65.6249","65.3310","-0.35%"
"Mar 12, 2019","65.6236","65.9751","65.9751","65.5500","-0.53%"
"Mar 11, 2019","65.9751","66.2827","66.2839","65.9357","-0.46%"
"Mar 07, 2019","66.2827","65.9751","66.3013","65.8593","0.47%"
"Mar 06, 2019","65.9751","65.7624","66.0230","65.7615","0.32%"
"Mar 05, 2019","65.7624","65.7387","65.8428","65.7061","0.04%"
"Mar 04, 2019","65.7387","65.9365","65.9400","65.6453","-0.30%"
"Mar 01, 2019","65.9365","65.9151","65.9405","65.6324","0.03%"
"Feb 28, 2019","65.9151","65.7901","65.9372","65.6941","0.19%"
"Feb 27, 2019","65.7901","65.6999","66.0094","65.6765","0.14%"
"Feb 26, 2019","65.6999","65.4950","65.9303","65.4900","0.31%"
"Feb 25, 2019","65.4950","65.3869","65.6313","65.1670","0.17%"
"Feb 22, 2019","65.3869","65.5739","65.6532","65.3103","-0.29%"
"Feb 21, 2019","65.5739","65.6328","65.6997","65.3759","-0.09%"
"Feb 20, 2019","65.6328","65.7666","65.9288","65.4721","-0.20%"
"Feb 19, 2019","65.7666","66.2745","66.3053","65.7434","-0.77%"
"Feb 18, 2019","66.2745","66.3093","66.3477","66.0955","-0.05%"
"Feb 15, 2019","66.3093","66.6512","66.7703","66.3000","-0.51%"
"Feb 14, 2019","66.6512","66.5134","67.1574","66.2940","0.21%"
"Feb 13, 2019","66.5134","65.8784","66.5180","65.6300","0.96%"
"Feb 12, 2019","65.8784","65.8422","66.1676","65.5135","0.05%"
"Feb 11, 2019","65.8422","65.7932","65.8977","65.5384","0.07%"
"Feb 08, 2019","65.7932","65.9173","66.1046","65.6595","-0.19%"
"Feb 07, 2019","65.9173","65.8698","66.1485","65.8664","0.07%"
"Feb 06, 2019","65.8698","65.6228","65.9197","65.6183","0.38%"
"Feb 05, 2019","65.6228","65.5888","65.6437","65.4259","0.05%"
"Feb 04, 2019","65.5888","65.5049","65.7227","65.4977","0.13%"
"Feb 01, 2019","65.5049","65.4103","65.7350","65.3283","0.14%"
"Jan 31, 2019","65.4103","65.5051","65.6908","65.1714","-0.14%"
"Jan 30, 2019","65.5051","66.0576","66.1681","65.4006","-0.84%"
"Jan 29, 2019","66.0576","66.2640","66.4036","65.9806","-0.31%"
"Jan 28, 2019","66.2640","65.9938","66.3480","65.8231","0.41%"
"Jan 25, 2019","65.9938","65.7634","66.2490","65.7135","0.35%"
"Jan 24, 2019","65.7634","66.0805","66.1021","65.6893","-0.48%"
"Jan 23, 2019","66.0805","66.5341","66.5350","66.0363","-0.68%"
"Jan 22, 2019","66.5341","66.3882","66.6058","66.3882","0.22%"
"Jan 21, 2019","66.3882","66.2722","66.4720","66.2395","0.18%"
"Jan 18, 2019","66.2722","66.3653","66.4940","66.1345","-0.14%"
"Jan 17, 2019","66.3653","66.3720","66.6756","66.2694","-0.01%"
"Jan 16, 2019","66.3720","66.9595","66.9795","66.2599","-0.88%"
"Jan 15, 2019","66.9595","67.0783","67.1428","66.8900","-0.18%"
"Jan 14, 2019","67.0783","66.8938","67.2961","66.8750","0.28%"
"Jan 11, 2019","66.8938","66.9102","67.1493","66.8031","-0.02%"
"Jan 10, 2019","66.9102","66.7328","67.3379","66.7328","0.27%"
"Jan 09, 2019","66.7328","66.9003","67.2288","66.6903","-0.25%"
"Jan 08, 2019","66.9003","67.7368","67.7508","66.7431","-1.23%"
"Jan 04, 2019","67.7368","68.6577","68.6800","67.5281","-1.34%"
"Jan 03, 2019","68.6577","69.8319","69.8324","68.5330","-1.68%"
"Dec 29, 2018","69.8319","69.5012","69.9427","69.4057","0.48%"
"Dec 28, 2018","69.5012","69.5675","69.7009","69.2498","-0.10%"
"Dec 27, 2018","69.5675","68.6993","69.7500","68.5650","1.26%"
"Dec 26, 2018","68.6993","68.6627","69.4638","68.6612","0.05%"
"Dec 25, 2018","68.6627","68.5829","68.9596","68.4193","0.12%"
"Dec 24, 2018","68.5829","68.8671","68.8671","68.2091","-0.41%"
"Dec 21, 2018","68.8671","68.3253","69.1230","67.8681","0.79%"
"Dec 20, 2018","68.3253","67.4674","68.6561","67.2525","1.27%"
"Dec 19, 2018","67.4674","67.2727","67.7793","66.9916","0.29%"
"Dec 18, 2018","67.2727","66.7793","67.3290","66.6202","0.74%"
"Dec 17, 2018","66.7793","66.7450","66.7990","66.4451","0.05%"
"Dec 14, 2018","66.7450","66.2312","66.8029","66.2312","0.78%"
"Dec 13, 2018","66.2312","66.3996","66.4812","66.1478","-0.25%"
"Dec 12, 2018","66.3996","66.3795","66.5220","66.1418","0.03%"
"Dec 11, 2018","66.3795","66.6529","66.6529","66.2264","-0.41%"
"Dec 10, 2018","66.6529","66.4006","66.7000","66.1604","0.38%"
"Dec 07, 2018","66.4006","66.8741","67.0439","66.0030","-0.71%"
"Dec 06, 2018","66.8741","66.5669","67.1993","66.5669","0.46%"
"Dec 05, 2018","66.5669","66.8401","66.8793","66.4720","-0.41%"
"Dec 04, 2018","66.8401","66.5095","66.8968","66.2105","0.50%"
"Dec 03, 2018","66.5095","66.9510","66.9510","66.1504","-0.66%"
"Nov 30, 2018","66.9510","66.2124","67.1775","66.2102","1.12%"
"Nov 29, 2018","66.2124","66.9647","66.9647","65.9741","-1.12%"
"Nov 28, 2018","66.9647","67.0611","67.5109","66.7872","-0.14%"
"Nov 27, 2018","67.0611","67.0954","67.3730","66.4930","-0.05%"
"Nov 26, 2018","67.0954","66.1953","67.3258","66.1923","1.36%"
"Nov 23, 2018","66.1953","65.6232","66.4155","65.5718","0.87%"
"Nov 22, 2018","65.6232","65.6668","65.7475","65.4319","-0.07%"
"Nov 21, 2018","65.6668","66.1682","66.1682","65.5329","-0.76%"
"Nov 20, 2018","66.1682","65.5405","66.2400","65.5233","0.96%"
"Nov 19, 2018","65.5405","65.9801","66.0983","65.4958","-0.67%"
"Nov 16, 2018","65.9801","65.8920","66.1913","65.6848","0.13%"
"Nov 15, 2018","65.8920","67.0379","67.0379","65.8694","-1.71%"
"Nov 14, 2018","67.0379","68.1147","68.2775","67.0164","-1.58%"
"Nov 13, 2018","68.1147","67.8460","68.1584","67.5515","0.40%"
"Nov 12, 2018","67.8460","68.1088","68.1171","67.3636","-0.39%"
"Nov 09, 2018","68.1088","66.9029","68.1675","66.7741","1.80%"
"Nov 08, 2018","66.9029","66.3182","66.9499","66.1356","0.88%"
"Nov 07, 2018","66.3182","66.1311","66.3197","65.8372","0.28%"
"Nov 06, 2018","66.1311","66.2021","66.2027","65.7600","-0.11%"
"Nov 02, 2018","66.2021","65.7256","66.2805","65.5291","0.72%"
"Nov 01, 2018","65.7256","65.8789","65.8789","65.5690","-0.23%"
"Oct 31, 2018","65.8789","65.5526","65.8875","65.5338","0.50%"
"Oct 30, 2018","65.5526","65.8499","65.8500","65.5168","-0.45%"
"Oct 29, 2018","65.8499","65.7188","65.9376","65.4805","0.20%"
"Oct 26, 2018","65.7188","65.5962","65.9279","65.5294","0.19%"
"Oct 25, 2018","65.5962","65.6765","65.8773","65.4478","-0.12%"
"Oct 24, 2018","65.6765","65.5107","65.7761","65.0140","0.25%"
"Oct 23, 2018","65.5107","65.2420","65.7062","65.2342","0.41%"
"Oct 22, 2018","65.2420","65.4911","65.5205","65.0091","-0.38%"
"Oct 19, 2018","65.4911","65.8044","65.9109","65.3512","-0.48%"
"Oct 18, 2018","65.8044","65.4946","65.8900","65.4671","0.47%"
"Oct 17, 2018","65.4946","65.3067","65.6706","65.2837","0.29%"
"Oct 16, 2018","65.3067","65.6526","65.6526","65.2490","-0.53%"
"Oct 15, 2018","65.6526","66.1173","66.1222","65.3141","-0.70%"
"Oct 12, 2018","66.1173","66.2668","66.4134","65.8928","-0.23%"
"Oct 11, 2018","66.2668","66.8935","66.9627","66.0428","-0.94%"
"Oct 10, 2018","66.8935","66.2607","66.9000","66.0463","0.96%"
"Oct 09, 2018","66.2607","66.5707","66.8379","66.1608","-0.47%"
"Oct 08, 2018","66.5707","66.5795","67.0719","66.5515","-0.01%"
"Oct 05, 2018","66.5795","67.0142","67.0175","66.4155","-0.65%"
"Oct 04, 2018","67.0142","65.8700","67.0410","65.8625","1.74%"
"Oct 03, 2018","65.8700","65.5030","65.8844","65.3556","0.56%"
"Oct 02, 2018","65.5030","64.9848","65.6017","64.9848","0.80%"
"Oct 01, 2018","64.9848","65.5503","65.7077","64.8566","-0.86%"
"Sep 28, 2018","65.5503","65.6158","65.9081","65.4028","-0.10%"
"Sep 27, 2018","65.6158","65.8054","65.9168","65.2283","-0.29%"
"Sep 26, 2018","65.8054","65.8789","66.0895","65.6853","-0.11%"
"Sep 25, 2018","65.8789","65.8465","65.9896","65.5373","0.05%"
"Sep 24, 2018","65.8465","66.4138","66.4138","65.6945","-0.85%"
"Sep 21, 2018","66.4138","66.2735","66.7966","66.1328","0.21%"
"Sep 20, 2018","66.2735","66.8168","66.8300","66.2108","-0.81%"
"Sep 19, 2018","66.8168","67.3648","67.3725","66.6969","-0.81%"
"Sep 18, 2018","67.3648","68.0636","68.0641","67.3173","-1.03%"
"Sep 17, 2018","68.0636","68.0749","68.3598","67.9392","-0.02%"
"Sep 14, 2018","68.0749","68.2455","68.5235","67.4785","-0.25%"
"Sep 13, 2018","68.2455","69.0146","69.0325","67.9675","-1.11%"
"Sep 12, 2018","69.0146","69.4245","69.7926","68.6745","-0.59%"
"Sep 11, 2018","69.4245","70.5613","70.5650","69.4095","-1.61%"
"Sep 10, 2018","70.5613","69.9025","70.5896","69.7231","0.94%"
"Sep 07, 2018","69.9025","69.2575","69.9393","68.8423","0.93%"
"Sep 06, 2018","69.2575","68.2578","69.6144","68.1881","1.46%"
"Sep 05, 2018","68.2578","68.1158","68.5643","68.1100","0.21%"
"Sep 04, 2018","68.1158","68.1184","68.4754","67.9946","-0.00%"
"Sep 03, 2018","68.1184","67.5458","68.1643","67.5458","0.85%"
"Aug 31, 2018","67.5458","68.2441","68.2441","67.3269","-1.02%"
"Aug 30, 2018","68.2441","67.9422","68.3897","67.7915","0.44%"
"Aug 29, 2018","67.9422","67.8700","68.3828","67.7224","0.11%"
"Aug 28, 2018","67.8700","67.5231","67.9103","67.2532","0.51%"
"Aug 27, 2018","67.5231","67.0894","67.6596","66.9968","0.65%"
"Aug 24, 2018","67.0894","68.1905","68.1908","67.0726","-1.61%"
"Aug 23, 2018","68.1905","68.0280","69.0008","67.4503","0.24%"
"Aug 22, 2018","68.0280","67.2698","68.4353","67.2698","1.13%"
"Aug 21, 2018","67.2698","67.1083","67.6008","66.8678","0.24%"
"Aug 20, 2018","67.1083","67.0448","67.3410","67.0048","0.09%"
"Aug 17, 2018","67.0448","66.8308","67.6099","66.7932","0.32%"
"Aug 16, 2018","66.8308","67.2998","67.2998","66.6444","-0.70%"
"Aug 15, 2018","67.2998","66.3370","67.7464","66.2512","1.45%"
"Aug 14, 2018","66.3370","67.8125","67.8125","66.3200","-2.18%"
"Aug 13, 2018","67.8125","67.7061","68.4780","67.4643","0.16%"
"Aug 10, 2018","67.7061","66.6899","67.8935","66.5523","1.52%"
"Aug 09, 2018","66.6899","65.5490","66.6943","65.5476","1.74%"
"Aug 08, 2018","65.5490","63.5012","65.5790","63.4547","3.22%"
"Aug 07, 2018","63.5012","63.7398","63.7403","63.3875","-0.37%"
"Aug 06, 2018","63.7398","63.3389","63.7844","63.3375","0.63%"
"Aug 03, 2018","63.3389","63.3833","63.5319","63.1607","-0.07%"
"Aug 02, 2018","63.3833","63.0369","63.5458","63.0369","0.55%"
"Aug 01, 2018","63.0369","62.5078","63.0715","62.4910","0.85%"
"Jul 31, 2018","62.5078","62.2518","62.5875","62.2298","0.41%"
"Jul 30, 2018","62.2518","62.7967","62.8732","62.1998","-0.87%"
"Jul 27, 2018","62.7967","62.9533","63.0418","62.6598","-0.25%"
"Jul 26, 2018","62.9533","62.8188","63.0913","62.8181","0.21%"
"Jul 25, 2018","62.8188","63.3094","63.3250","62.8188","-0.77%"
"Jul 24, 2018","63.3094","63.0689","63.4928","62.6703","0.38%"
"Jul 23, 2018","63.0689","63.5093","63.5151","62.9781","-0.69%"
"Jul 20, 2018","63.5093","63.6649","63.6649","63.3107","-0.24%"
"Jul 19, 2018","63.6649","62.9669","63.7818","62.9625","1.11%"
"Jul 18, 2018","62.9669","62.5927","63.2362","62.5927","0.60%"
"Jul 17, 2018","62.5927","62.3227","62.5939","62.3227","0.43%"
"Jul 16, 2018","62.3227","62.5553","62.5600","62.1071","-0.37%"
"Jul 13, 2018","62.5553","62.2673","62.7571","62.0762","0.46%"
"Jul 12, 2018","62.2673","62.3559","62.3593","61.9428","-0.14%"
"Jul 11, 2018","62.3559","61.7370","62.4478","61.6538","1.00%"
"Jul 10, 2018","61.7370","62.4951","62.6369","61.6555","-1.21%"
"Jul 09, 2018","62.4951","62.9677","62.9725","62.4225","-0.75%"
"Jul 06, 2018","62.9677","63.1154","63.2524","62.9166","-0.23%"
"Jul 05, 2018","63.1154","63.2333","63.3547","62.9410","-0.19%"
"Jul 04, 2018","63.2333","63.1266","63.3359","63.0745","0.17%"
"Jul 03, 2018","63.1266","63.4293","63.4318","63.0948","-0.48%"
"Jul 02, 2018","63.4293","62.7338","63.5925","62.7338","1.11%"
"Jun 29, 2018","62.7338","62.8012","62.8704","62.5818","-0.11%"
"Jun 28, 2018","62.8012","63.2109","63.4490","62.8007","-0.65%"
"Jun 27, 2018","63.2109","63.0303","63.3813","62.8725","0.29%"
"Jun 26, 2018","63.0303","62.7825","63.3300","62.7314","0.39%"
"Jun 25, 2018","62.7825","62.8773","63.1792","62.6390","-0.15%"
"Jun 22, 2018","62.8773","63.7063","63.7150","62.8093","-1.30%"
"Jun 21, 2018","63.7063","63.6888","63.9063","63.4867","0.03%"
"Jun 20, 2018","63.6888","63.8736","63.8756","63.4157","-0.29%"
"Jun 19, 2018","63.8736","63.4583","64.1873","63.4525","0.65%"
"Jun 18, 2018","63.4583","63.1880","63.7822","63.1880","0.43%"
"Jun 15, 2018","63.1880","62.6085","63.3124","62.4865","0.93%"
"Jun 14, 2018","62.6085","62.5049","62.6437","61.9753","0.17%"
"Jun 13, 2018","62.5049","62.8155","63.2129","62.3066","-0.49%"
"Jun 11, 2018","62.8155","62.5143","62.9075","62.0961","0.48%"
"Jun 09, 2018","62.5143","62.3193","62.5945","62.2495","0.31%"
"Jun 08, 2018","62.3193","62.4179","62.9200","62.2482","-0.16%"
"Jun 07, 2018","62.4179","61.7848","62.6340","61.7060","1.02%"
"Jun 06, 2018","61.7848","62.1456","62.1606","61.7787","-0.58%"
"Jun 05, 2018","62.1456","62.0607","62.4400","61.8909","0.14%"
"Jun 04, 2018","62.0607","62.2012","62.2012","61.8242","-0.23%"
"Jun 01, 2018","62.2012","62.4030","62.4030","61.9713","-0.32%"
"May 31, 2018","62.4030","62.0777","62.5454","61.9462","0.52%"
"May 30, 2018","62.0777","62.8181","62.8181","62.0012","-1.18%"
"May 29, 2018","62.8181","62.2991","62.9077","62.2991","0.83%"
"May 28, 2018","62.2991","62.2765","62.4880","62.1213","0.04%"
"May 25, 2018","62.2765","61.6104","62.3334","61.5382","1.08%"
"May 24, 2018","61.6104","61.3504","61.6700","61.2974","0.42%"
"May 23, 2018","61.3504","61.2143","61.8125","61.2100","0.22%"
"May 22, 2018","61.2143","61.6018","61.6183","60.9633","-0.63%"
"May 21, 2018","61.6018","62.2670","62.6850","61.5269","-1.08%"
"May 18, 2018","62.2749","62.1747","62.6790","61.8478","0.16%"
"May 17, 2018","62.1747","61.7229","62.2200","61.7229","0.73%"
"May 16, 2018","61.7229","62.3277","62.6263","61.6287","-0.97%"
"May 15, 2018","62.3277","61.8468","62.7500","61.7968","0.78%"
"May 14, 2018","61.8468","61.9193","61.9193","61.5616","-0.12%"
"May 11, 2018","61.9193","61.7100","62.0341","61.4434","0.34%"
"May 10, 2018","61.7100","63.2083","63.2250","61.5930","-2.37%"
"May 08, 2018","63.2083","62.9264","63.6426","62.8283","0.45%"
"May 07, 2018","62.9264","62.5452","63.0016","62.5046","0.61%"
"May 04, 2018","62.5452","63.0305","63.4719","62.3503","-0.77%"
"May 03, 2018","63.0305","64.0141","64.0200","62.8649","-1.54%"
"May 02, 2018","64.0141","62.9408","64.1935","62.9225","1.71%"
"Apr 30, 2018","62.9408","62.2628","63.1508","62.2402","1.09%"
"Apr 28, 2018","62.2628","62.7207","62.8341","61.8782","0.19%"
"Apr 27, 2018","62.1468","62.7207","62.8341","61.8782","-0.92%"
"Apr 26, 2018","62.7207","62.4365","62.9850","62.2430","0.46%"
"Apr 25, 2018","62.4365","61.6169","62.4859","61.6169","1.33%"
"Apr 24, 2018","61.6169","61.8073","61.8078","61.3581","-0.31%"
"Apr 23, 2018","61.8073","61.3989","62.1767","61.3226","0.67%"
"Apr 20, 2018","61.3989","60.8735","61.5818","60.8735","0.86%"
"Apr 19, 2018","60.8735","60.8345","61.1924","60.6102","0.06%"
"Apr 18, 2018","60.8345","61.5287","61.8576","60.7676","-1.13%"
"Apr 17, 2018","61.5287","61.1455","62.0177","60.8590","0.63%"
"Apr 16, 2018","61.1455","62.0141","62.4793","60.9900","-1.40%"
"Apr 13, 2018","62.0141","62.0033","62.2594","61.2551","0.02%"
"Apr 12, 2018","62.0033","62.5825","62.8793","61.2750","-0.93%"
"Apr 11, 2018","62.5825","63.0382","65.0144","62.1459","-0.72%"
"Apr 10, 2018","63.0382","60.6508","63.8925","60.3127","3.94%"
"Apr 09, 2018","60.6508","58.1605","60.6525","58.1605","4.28%"
"Apr 06, 2018","58.1605","57.7010","58.1675","57.7010","0.80%"
"Apr 05, 2018","57.7010","57.4433","57.7699","57.4433","0.45%"
"Apr 04, 2018","57.4433","57.5754","57.9026","57.4249","-0.23%"
"Apr 03, 2018","57.5754","57.4961","57.6986","57.4579","0.14%"
"Apr 02, 2018","57.4961","57.1444","57.6362","57.1444","0.62%"
"Mar 30, 2018","57.1444","57.2599","57.4732","57.0325","-0.20%"
"Mar 29, 2018","57.2599","57.7175","57.8273","57.2521","-0.79%"
"Mar 28, 2018","57.7175","57.5140","57.8820","57.4770","0.35%"
"Mar 27, 2018","57.5140","57.1677","57.5295","57.0975","0.61%"
"Mar 26, 2018","57.1677","57.2738","57.4992","56.8285","-0.19%"
"Mar 23, 2018","57.2738","57.2432","57.3313","56.9892","0.05%"
"Mar 22, 2018","57.2432","56.8775","57.2729","56.7460","0.64%"
"Mar 21, 2018","56.8775","57.5115","57.6017","56.8554","-1.10%"
"Mar 20, 2018","57.5115","57.8321","57.8878","57.4233","-0.55%"
"Mar 19, 2018","57.8321","57.4925","58.0234","57.4665","0.59%"
"Mar 16, 2018","57.4925","57.4571","57.8008","57.3934","0.06%"
"Mar 15, 2018","57.4571","57.1378","57.5252","56.9398","0.56%"
"Mar 14, 2018","57.1378","57.0321","57.2934","56.7719","0.19%"
"Mar 13, 2018","57.0321","56.8865","57.1216","56.6522","0.26%"
"Mar 12, 2018","56.8865","56.6574","56.9860","56.4977","0.40%"
"Mar 09, 2018","56.6574","56.8026","57.0952","56.5997","-0.26%"
"Mar 07, 2018","56.8026","56.6653","57.0530","56.6653","0.24%"
"Mar 06, 2018","56.6653","56.4175","56.7557","56.2690","0.44%"
"Mar 05, 2018","56.4175","56.8092","57.2832","56.4175","-0.69%"
"Mar 02, 2018","56.8092","56.8218","57.3715","56.5786","-0.02%"
"Mar 01, 2018","56.8218","56.3291","57.0454","56.3291","0.87%"
"Feb 28, 2018","56.3291","56.2801","56.4651","56.0549","0.09%"
"Feb 27, 2018","56.2801","55.7134","56.3423","55.5655","1.02%"
"Feb 26, 2018","55.7134","56.5174","56.5175","55.7120","-1.42%"
"Feb 22, 2018","56.5174","56.7495","56.8517","56.4893","-0.41%"
"Feb 21, 2018","56.7495","56.5621","56.7690","56.4645","0.33%"
"Feb 20, 2018","56.5621","56.4710","56.7657","56.4027","0.16%"
"Feb 19, 2018","56.4710","56.3906","56.5484","56.2489","0.14%"
"Feb 16, 2018","56.3906","56.4008","56.4670","56.1806","-0.02%"
"Feb 15, 2018","56.4008","56.7102","56.8745","56.3995","-0.55%"
"Feb 14, 2018","56.7102","57.6292","57.7625","56.7101","-1.59%"
"Feb 13, 2018","57.6292","57.8294","57.9505","57.6102","-0.35%"
"Feb 12, 2018","57.8294","58.3863","58.3863","57.6631","-0.95%"
"Feb 09, 2018","58.3863","58.4188","58.7583","57.9218","-0.06%"
"Feb 08, 2018","58.4188","57.6110","58.4195","57.5303","1.40%"
"Feb 07, 2018","57.6110","56.8765","57.6110","56.7790","1.29%"
"Feb 06, 2018","56.8765","57.2066","57.4269","56.8663","-0.58%"
"Feb 05, 2018","57.2066","56.5501","57.2224","56.4996","1.16%"
"Feb 02, 2018","56.5501","55.9171","56.5510","55.9135","1.13%"
"Feb 01, 2018","55.9171","56.2075","56.4189","55.9171","-0.52%"
"Jan 31, 2018","56.2075","56.3823","56.3850","56.0870","-0.31%"
"Jan 30, 2018","56.3823","56.3178","56.4387","55.8859","0.11%"
"Jan 29, 2018","56.3178","56.2572","56.5132","56.1750","0.11%"
"Jan 26, 2018","56.2572","55.9244","56.2638","55.7445","0.60%"
"Jan 25, 2018","55.9244","56.1780","56.1780","55.5973","-0.45%"
"Jan 24, 2018","56.1780","56.3553","56.4700","56.1700","-0.31%"
"Jan 23, 2018","56.3553","56.5021","56.5872","56.3408","-0.26%"
"Jan 22, 2018","56.5021","56.7174","56.7177","56.4497","-0.38%"
"Jan 19, 2018","56.7174","56.5177","56.7350","56.5177","0.35%"
"Jan 18, 2018","56.5177","56.7504","56.8356","56.4102","-0.41%"
"Jan 17, 2018","56.7504","56.5307","56.9430","56.5290","0.39%"
"Jan 16, 2018","56.5307","56.3352","56.5428","56.3197","0.35%"
"Jan 15, 2018","56.3352","56.6433","56.6500","56.2748","-0.54%"
"Jan 12, 2018","56.6433","56.4285","56.7417","56.4274","0.38%"
"Jan 11, 2018","56.4285","57.0222","57.0698","56.4285","-1.04%"
"Jan 10, 2018","57.0222","56.9930","57.0982","56.7715","0.05%"
"Jan 09, 2018","56.9930","56.9903","57.1833","56.8313","0.00%"
"Jan 05, 2018","56.9903","56.8765","57.1261","56.8765","0.20%"
"Jan 04, 2018","56.8765","57.2561","57.2845","56.8000","-0.66%"
"Jan 03, 2018","57.2561","57.6114","57.6114","57.1262","-0.62%"
"Dec 29, 2017","57.6114","57.5153","57.9112","57.4785","0.17%"
"Dec 28, 2017","57.5153","57.7424","57.7435","57.4030","-0.39%"
"Dec 27, 2017","57.7424","57.6230","57.9156","57.3927","0.21%"
"Dec 26, 2017","57.6230","57.9674","58.0099","57.5805","-0.59%"
"Dec 25, 2017","57.9674","58.3697","58.3764","57.8083","-0.69%"
"Dec 22, 2017","58.3697","58.4615","58.4616","58.2079","-0.16%"
"Dec 21, 2017","58.4615","58.7035","58.7068","58.4261","-0.41%"
"Dec 20, 2017","58.7035","58.7743","58.7757","58.5970","-0.12%"
"Dec 19, 2017","58.7743","58.6635","58.8440","58.5448","0.19%"
"Dec 18, 2017","58.6635","58.8009","58.8009","58.5652","-0.23%"
"Dec 15, 2017","58.8009","58.7556","59.0217","58.7269","0.08%"
"Dec 14, 2017","58.7556","58.6190","58.9110","58.5582","0.23%"
"Dec 13, 2017","58.6190","59.2960","59.2960","58.5586","-1.14%"
"Dec 12, 2017","59.2960","58.9983","59.2968","58.7872","0.50%"
"Dec 11, 2017","58.9983","59.1639","59.3194","58.8852","-0.28%"
"Dec 08, 2017","59.1639","59.1867","59.3811","59.0525","-0.04%"
"Dec 07, 2017","59.1867","59.2180","59.3672","59.0798","-0.05%"
"Dec 06, 2017","59.2180","58.7367","59.2446","58.7367","0.82%"
"Dec 05, 2017","58.7367","58.8003","58.8250","58.6023","-0.11%"
"Dec 04, 2017","58.8003","58.8960","59.1027","58.6600","-0.16%"
"Dec 01, 2017","58.8960","58.4380","59.1325","58.4380","0.78%"
"Nov 30, 2017","58.4380","58.6144","58.7343","58.3637","-0.30%"
"Nov 29, 2017","58.6144","58.3803","58.7033","58.2550","0.40%"
"Nov 28, 2017","58.3803","58.4853","58.5441","58.2163","-0.18%"
"Nov 27, 2017","58.4853","58.3732","58.5050","58.0566","0.19%"
"Nov 24, 2017","58.3732","58.4456","58.5971","58.2537","-0.12%"
"Nov 23, 2017","58.4456","58.5001","58.5283","58.3272","-0.09%"
"Nov 22, 2017","58.5001","59.1888","59.1888","58.4488","-1.16%"
"Nov 21, 2017","59.1888","59.3469","59.5362","59.1000","-0.27%"
"Nov 20, 2017","59.3469","59.0623","59.5624","59.0623","0.48%"
"Nov 17, 2017","59.0623","59.6749","59.7578","59.0067","-1.03%"
"Nov 16, 2017","59.6749","60.2027","60.2150","59.5877","-0.88%"
"Nov 15, 2017","60.2027","60.2303","60.4124","60.0320","-0.05%"
"Nov 14, 2017","60.2303","59.3625","60.2413","59.3500","1.46%"
"Nov 13, 2017","59.3625","59.2115","59.5688","59.0830","0.26%"
"Nov 10, 2017","59.2115","59.2894","59.3513","58.9798","-0.13%"
"Nov 09, 2017","59.2894","59.2551","59.4203","59.1150","0.06%"
"Nov 08, 2017","59.2551","59.3594","59.5736","59.0780","-0.18%"
"Nov 07, 2017","59.3594","59.0800","59.4319","58.3385","0.47%"
"Nov 03, 2017","59.0800","58.1619","59.2698","58.1618","1.58%"
"Nov 02, 2017","58.1619","58.2807","58.4353","58.0118","-0.20%"
"Nov 01, 2017","58.2807","58.3289","58.3992","58.0335","-0.08%"
"Oct 31, 2017","58.3289","57.9716","58.6003","57.9568","0.62%"
"Oct 30, 2017","57.9716","58.0680","58.0807","57.6700","-0.17%"
"Oct 27, 2017","58.0680","57.8560","58.7458","57.8547","0.37%"
"Oct 26, 2017","57.8560","57.7552","57.8856","57.4830","0.17%"
"Oct 25, 2017","57.7552","57.6412","57.8150","57.5255","0.20%"
"Oct 24, 2017","57.6412","57.5480","57.6950","57.3868","0.16%"
"Oct 23, 2017","57.5480","57.4945","57.5500","57.3863","0.09%"
"Oct 20, 2017","57.4945","57.2734","57.6345","57.2725","0.39%"
"Oct 19, 2017","57.2734","57.4379","57.7178","57.2588","-0.29%"
"Oct 18, 2017","57.4379","57.2975","57.5027","57.1978","0.25%"
"Oct 17, 2017","57.2975","57.3217","57.5419","57.2588","-0.04%"
"Oct 16, 2017","57.3217","57.1740","57.3797","56.9956","0.26%"
"Oct 13, 2017","57.1740","57.6879","57.7212","57.0587","-0.89%"
"Oct 12, 2017","57.6879","57.8310","57.8375","57.6272","-0.25%"
"Oct 11, 2017","57.8310","57.9808","58.0033","57.7717","-0.26%"
"Oct 10, 2017","57.9808","58.3470","58.3600","57.8178","-0.63%"
"Oct 09, 2017","58.3470","58.1880","58.5018","58.1880","0.27%"
"Oct 06, 2017","58.1880","57.6916","58.2568","57.6914","0.86%"
"Oct 05, 2017","57.6916","57.6845","57.7150","57.3965","0.01%"
"Oct 04, 2017","57.6845","57.9168","57.9168","57.5375","-0.40%"
"Oct 03, 2017","57.9168","57.8990","58.1529","57.8278","0.03%"
"Oct 02, 2017","57.8990","57.4898","57.9824","57.4800","0.71%"
"Sep 29, 2017","57.4898","57.9127","58.0884","57.4789","-0.73%"
"Sep 28, 2017","57.9127","58.1983","58.5741","57.9123","-0.49%"
"Sep 27, 2017","58.1983","57.8226","58.3733","57.8200","0.65%"
"Sep 26, 2017","57.8226","57.5710","58.1431","57.3855","0.44%"
"Sep 25, 2017","57.5710","57.4783","57.7437","57.2473","0.16%"
"Sep 22, 2017","57.4783","57.9010","57.9028","57.4402","-0.73%"
"Sep 21, 2017","57.9010","58.1041","58.3387","57.7718","-0.35%"
"Sep 20, 2017","58.1041","58.1302","58.2863","57.7269","-0.04%"
"Sep 19, 2017","58.1302","58.1199","58.3794","57.9240","0.02%"
"Sep 18, 2017","58.1199","57.6329","58.1485","57.5100","0.85%"
"Sep 15, 2017","57.6329","57.4996","57.7680","57.3959","0.23%"
"Sep 14, 2017","57.4996","57.9559","57.9559","57.3940","-0.79%"
"Sep 13, 2017","57.9559","57.7056","57.9761","57.5621","0.43%"
"Sep 12, 2017","57.7056","57.2123","57.7537","57.1371","0.86%"
"Sep 11, 2017","57.2123","57.3570","57.3675","57.0468","-0.25%"
"Sep 08, 2017","57.3570","56.9000","57.4810","56.8353","0.80%"
"Sep 07, 2017","56.9000","57.3641","57.3682","56.7935","-0.81%"
"Sep 06, 2017","57.3641","57.5270","57.5694","57.2719","-0.28%"
"Sep 05, 2017","57.5270","57.8349","58.0918","57.2393","-0.53%"
"Sep 04, 2017","57.8349","57.5159","57.9533","57.5159","0.55%"
"Sep 01, 2017","57.5159","58.0060","58.1910","57.3921","-0.84%"
"Aug 31, 2017","58.0060","58.5678","58.6391","57.9844","-0.96%"
"Aug 30, 2017","58.5678","58.8299","58.8998","58.3337","-0.45%"
"Aug 29, 2017","58.8299","58.4388","58.8808","58.4350","0.67%"
"Aug 28, 2017","58.4388","58.5828","58.6810","58.3434","-0.25%"
"Aug 25, 2017","58.5828","59.1624","59.2058","58.5597","-0.98%"
"Aug 24, 2017","59.1624","59.0630","59.2708","59.0630","0.17%"
"Aug 23, 2017","59.0630","59.0868","59.2321","59.0010","-0.04%"
"Aug 22, 2017","59.0868","59.1428","59.1450","58.9326","-0.09%"
"Aug 21, 2017","59.1428","59.0003","59.2054","58.9373","0.24%"
"Aug 18, 2017","59.0003","59.2340","59.4993","58.9996","-0.39%"
"Aug 17, 2017","59.2340","59.3852","59.4698","59.0001","-0.25%"
"Aug 16, 2017","59.3852","59.7038","59.7315","59.2908","-0.53%"
"Aug 15, 2017","59.7038","59.8630","60.1036","59.7025","-0.27%"
"Aug 14, 2017","59.8630","59.8733","59.8825","59.5678","-0.02%"
"Aug 11, 2017","59.8733","60.1170","60.2978","59.8022","-0.41%"
"Aug 10, 2017","60.1170","59.9945","60.1295","59.7318","0.20%"
"Aug 09, 2017","59.9945","59.8262","60.2120","59.8175","0.28%"
"Aug 08, 2017","59.8262","60.0388","60.0993","59.7073","-0.35%"
"Aug 07, 2017","60.0388","59.9798","60.3208","59.8786","0.10%"
"Aug 04, 2017","59.9798","60.3489","60.4695","59.8503","-0.61%"
"Aug 03, 2017","60.3489","60.5811","60.8357","60.0933","-0.38%"
"Aug 02, 2017","60.5811","60.3483","60.8208","60.3483","0.39%"
"Aug 01, 2017","60.3483","59.7719","60.3509","59.7335","0.96%"
"Jul 31, 2017","59.7719","59.5578","60.3264","59.5578","0.36%"
"Jul 28, 2017","59.5578","59.4968","59.6408","59.3795","0.10%"
"Jul 27, 2017","59.4968","59.4064","59.6435","59.3345","0.15%"
"Jul 26, 2017","59.4064","59.8868","60.0525","59.3748","-0.80%"
"Jul 25, 2017","59.8868","60.0094","60.1596","59.7296","-0.20%"
"Jul 24, 2017","60.0094","59.3829","60.1958","59.3715","1.06%"
"Jul 21, 2017","59.3829","58.9316","59.3932","58.7825","0.77%"
"Jul 20, 2017","58.9316","58.9970","59.2153","58.8018","-0.11%"
"Jul 19, 2017","58.9970","59.1807","59.3678","58.9362","-0.31%"
"Jul 18, 2017","59.1807","59.3550","59.4569","58.9138","-0.29%"
"Jul 17, 2017","59.3550","59.0851","59.4023","58.9745","0.46%"
"Jul 14, 2017","59.0851","59.8363","59.9482","59.0430","-1.26%"
"Jul 13, 2017","59.8363","59.9962","60.2787","59.6683","-0.27%"
"Jul 12, 2017","59.9962","60.7255","60.7255","59.9013","-1.20%"
"Jul 11, 2017","60.7255","60.2273","60.9884","60.2273","0.83%"
"Jul 10, 2017","60.2273","60.3610","60.5332","60.2031","-0.22%"
"Jul 07, 2017","60.3610","60.1558","60.6085","60.1558","0.34%"
"Jul 06, 2017","60.1558","59.9993","60.4011","59.7753","0.26%"
"Jul 05, 2017","59.9993","59.4093","60.2416","59.3157","0.99%"
"Jul 04, 2017","59.4093","59.2840","59.4500","59.1490","0.21%"
"Jul 03, 2017","59.2840","58.9401","59.4635","58.8083","0.58%"
"Jun 30, 2017","58.9401","59.4146","59.5184","58.8703","-0.80%"
"Jun 29, 2017","59.4146","59.2004","59.5745","58.9164","0.36%"
"Jun 28, 2017","59.2004","59.4894","59.8825","59.2003","-0.49%"
"Jun 27, 2017","59.4894","58.7853","59.4894","58.6671","1.20%"
"Jun 26, 2017","58.7853","59.3950","59.3950","58.7815","-1.03%"
"Jun 23, 2017","59.3950","59.9460","59.9675","59.3595","-0.92%"
"Jun 22, 2017","59.9460","60.3063","60.3743","59.6603","-0.60%"
"Jun 21, 2017","60.3063","59.6200","60.4192","59.3409","1.15%"
"Jun 20, 2017","59.6200","58.4527","59.7619","58.4041","2.00%"
"Jun 19, 2017","58.4527","57.7790","58.4727","57.6915","1.17%"
"Jun 16, 2017","57.7790","57.8743","57.8900","57.4375","-0.16%"
"Jun 15, 2017","57.8743","57.4307","57.8875","57.3269","0.77%"
"Jun 14, 2017","57.4307","56.9845","57.5461","56.8392","0.78%"
"Jun 13, 2017","56.9845","57.0237","57.0300","56.8358","-0.07%"
"Jun 09, 2017","57.0237","56.9048","57.0378","56.9048","0.21%"
"Jun 08, 2017","56.9048","57.0911","57.1124","56.8213","-0.33%"
"Jun 07, 2017","57.0911","56.5353","57.1621","56.5080","0.98%"
"Jun 06, 2017","56.5353","56.6103","56.7641","56.4212","-0.13%"
"Jun 05, 2017","56.6103","56.6453","56.7400","56.4881","-0.06%"
"Jun 02, 2017","56.6453","56.3983","56.8405","56.3850","0.44%"
"Jun 01, 2017","56.3983","56.5617","56.7053","56.1125","-0.29%"
"May 31, 2017","56.5617","56.5497","56.9338","56.5400","0.02%"
"May 30, 2017","56.5497","56.4855","56.7860","56.4553","0.11%"
"May 29, 2017","56.4855","56.5203","56.8079","56.2943","-0.06%"
"May 26, 2017","56.5203","56.9672","57.0016","56.4914","-0.78%"
"May 25, 2017","56.9672","56.4127","57.0174","56.0007","0.98%"
"May 24, 2017","56.4127","56.3695","56.5718","56.2238","0.08%"
"May 23, 2017","56.3695","56.6293","56.7062","56.2283","-0.46%"
"May 22, 2017","56.6293","56.9264","56.9264","56.4120","-0.52%"
"May 19, 2017","56.9264","57.5828","57.5836","56.6623","-1.14%"
"May 18, 2017","57.5828","57.0978","58.1179","57.0978","0.85%"
"May 17, 2017","57.0978","56.5699","57.0985","56.5669","0.93%"
"May 16, 2017","56.5699","56.3520","56.5699","56.1954","0.39%"
"May 15, 2017","56.3520","57.0974","57.0974","56.2318","-1.31%"
"May 12, 2017","57.0974","57.0558","57.3360","57.0013","0.07%"
"May 11, 2017","57.0558","57.4522","57.4522","56.9360","-0.69%"
"May 10, 2017","57.4522","57.9436","58.3487","57.4113","-0.85%"
"May 05, 2017","57.9436","58.3694","58.8033","57.9291","-0.73%"
"May 04, 2017","58.3694","57.3911","58.4580","57.3911","1.70%"
"May 03, 2017","57.3911","57.0137","57.3934","57.0000","0.66%"
"May 02, 2017","57.0137","56.9311","57.1600","56.8595","0.15%"
"Apr 28, 2017","56.9311","56.9705","57.1156","56.6332","-0.07%"
"Apr 27, 2017","56.9705","57.1535","57.2628","56.7246","-0.32%"
"Apr 26, 2017","57.1535","56.1574","57.1535","56.1574","1.77%"
"Apr 25, 2017","56.1574","55.8438","56.2288","55.7498","0.56%"
"Apr 24, 2017","55.8438","56.4576","56.4613","55.7253","-1.09%"
"Apr 21, 2017","56.4576","56.2073","56.5900","56.0660","0.45%"
"Apr 20, 2017","56.2073","56.5833","56.5833","56.1039","-0.66%"
"Apr 19, 2017","56.5833","56.2408","56.7334","56.0687","0.61%"
"Apr 18, 2017","56.2408","55.9267","56.2416","55.8661","0.56%"
"Apr 17, 2017","55.9267","56.3578","56.3625","55.9065","-0.76%"
"Apr 14, 2017","56.3578","56.2679","56.3883","56.0979","0.16%"
"Apr 13, 2017","56.2679","56.6023","56.6495","56.1710","-0.59%"
"Apr 12, 2017","56.6023","56.9215","57.1306","56.5467","-0.56%"
"Apr 11, 2017","56.9215","57.1778","57.1778","56.8250","-0.45%"
"Apr 10, 2017","57.1778","57.2480","57.5506","57.0848","-0.12%"
"Apr 07, 2017","57.2480","56.3955","57.2550","56.3955","1.51%"
"Apr 06, 2017","56.3955","56.3790","56.5688","56.1840","0.03%"
"Apr 05, 2017","56.3790","56.0787","56.3978","55.8088","0.54%"
"Apr 04, 2017","56.0787","56.0830","56.6985","56.0493","-0.01%"
"Apr 03, 2017","56.0830","56.2665","56.4578","55.9455","-0.33%"
"Mar 31, 2017","56.2665","56.0929","56.5223","55.8808","0.31%"
"Mar 30, 2017","56.0929","56.6068","56.6188","55.9220","-0.91%"
"Mar 29, 2017","56.6068","57.0335","57.1397","56.5803","-0.75%"
"Mar 28, 2017","57.0335","56.9101","57.1825","56.8288","0.22%"
"Mar 27, 2017","56.9101","56.8904","57.2148","56.7447","0.03%"
"Mar 24, 2017","56.8904","57.4353","57.4897","56.8890","-0.95%"
"Mar 23, 2017","57.4353","57.7887","57.7887","57.3400","-0.61%"
"Mar 22, 2017","57.7887","57.6980","58.1999","57.5705","0.16%"
"Mar 21, 2017","57.6980","57.2987","57.6994","57.0081","0.70%"
"Mar 20, 2017","57.2987","57.2234","57.6304","57.1944","0.13%"
"Mar 17, 2017","57.2234","57.7819","58.0353","57.1682","-0.97%"
"Mar 16, 2017","57.7819","58.3960","58.4995","57.6398","-1.05%"
"Mar 15, 2017","58.3960","59.1627","59.2051","58.3908","-1.30%"
"Mar 14, 2017","59.1627","58.7928","59.6053","58.7725","0.63%"
"Mar 13, 2017","58.7928","58.9965","59.2166","58.7725","-0.35%"
"Mar 10, 2017","58.9965","59.2998","59.3175","58.7240","-0.51%"
"Mar 09, 2017","59.2998","58.1777","59.4921","58.1777","1.93%"
"Mar 07, 2017","58.1777","58.2036","58.3636","57.8983","-0.04%"
"Mar 06, 2017","58.2036","58.2217","58.4334","57.9446","-0.03%"
"Mar 03, 2017","58.2217","58.8302","58.9954","58.1436","-1.03%"
"Mar 02, 2017","58.8302","58.2831","58.8597","58.2700","0.94%"
"Mar 01, 2017","58.2831","58.3058","58.5793","57.9983","-0.04%"
"Feb 28, 2017","58.3058","58.0784","58.4958","57.8319","0.39%"
"Feb 27, 2017","58.0784","58.4175","58.4175","57.5946","-0.58%"
"Feb 24, 2017","58.4175","58.0668","58.5460","57.7886","0.60%"
"Feb 22, 2017","58.0668","57.4153","58.1511","57.3144","1.13%"
"Feb 21, 2017","57.4153","57.9656","58.0355","57.4135","-0.95%"
"Feb 20, 2017","57.9656","58.4270","58.4270","57.9208","-0.79%"
"Feb 17, 2017","58.4270","57.5993","58.5461","57.4947","1.44%"
"Feb 16, 2017","57.5993","57.2565","57.6585","57.0218","0.60%"
"Feb 15, 2017","57.2565","57.1288","57.8502","56.5701","0.22%"
"Feb 14, 2017","57.1288","57.9851","57.9860","57.1017","-1.48%"
"Feb 13, 2017","57.9851","58.2219","58.2469","57.8578","-0.41%"
"Feb 10, 2017","58.2219","58.9600","58.9619","58.2166","-1.25%"
"Feb 09, 2017","58.9600","59.2323","59.2323","58.6990","-0.46%"
"Feb 08, 2017","59.2323","59.3378","59.5999","59.0993","-0.18%"
"Feb 07, 2017","59.3378","58.9030","59.4891","58.8981","0.74%"
"Feb 06, 2017","58.9030","58.9824","59.0886","58.5945","-0.13%"
"Feb 03, 2017","58.9824","59.4117","59.5969","58.7760","-0.72%"
"Feb 02, 2017","59.4117","60.1280","60.1325","58.8479","-1.19%"
"Feb 01, 2017","60.1280","60.1589","60.3979","60.0625","-0.05%"
"Jan 31, 2017","60.1589","59.9332","60.2301","59.8857","0.38%"
"Jan 30, 2017","59.9332","59.8178","60.2714","59.8178","0.19%"
"Jan 27, 2017","59.8178","60.4317","60.4465","59.5702","-1.02%"
"Jan 26, 2017","60.4317","59.5145","60.5662","59.4055","1.54%"
"Jan 25, 2017","59.5145","59.2511","59.6519","59.0756","0.44%"
"Jan 24, 2017","59.2511","59.5022","59.5175","59.0935","-0.42%"
"Jan 23, 2017","59.5022","59.7521","59.7550","59.3110","-0.42%"
"Jan 20, 2017","59.7521","59.7304","59.9403","59.5923","0.04%"
"Jan 19, 2017","59.7304","59.5544","60.2480","59.2077","0.30%"
"Jan 18, 2017","59.5544","59.4025","59.5545","59.0469","0.26%"
"Jan 17, 2017","59.4025","59.8588","59.8700","58.9786","-0.76%"
"Jan 16, 2017","59.8588","59.6869","59.9415","59.4971","0.29%"
"Jan 13, 2017","59.6869","59.3491","59.8298","59.2707","0.57%"
"Jan 12, 2017","59.3491","59.7256","59.7475","59.0954","-0.63%"
"Jan 11, 2017","59.7256","60.1636","60.6617","59.4947","-0.73%"
"Jan 10, 2017","60.1636","60.0788","60.2796","59.8279","0.14%"
"Jan 09, 2017","60.0788","59.6046","60.0860","59.6046","0.80%"