{
    "2016": {
        "1" : [
            "2016-01-01",
            "2016-01-25"
        ],
        "2" : [
            "2016-04-01",
            "2016-04-25"
        ],
        "3" : [
            "2016-07-01",
            "2016-07-25"
        ],
        "4" : [
            "2016-10-01",
            "2016-10-25"
        ]
    },
    "2017": {
        "1" : [
            "2017-01-01",
            "2017-01-25"
        ],
        "2" : [
            "2017-04-01",
            "2017-04-25"
        ],
        "3" : [
            "2017-07-01",
            "2017-07-25"
        ],
        "4" : [
            "2017-10-01",
            "2017-10-25"
        ]
    },
    "2018": {
        "1" : [
            "2018-01-01",
            "2018-01-25"
        ],
        "2" : [
            "2018-04-01",
            "2018-04-25"
        ],
        "3" : [
            "2018-07-01",
            "2018-07-25"
        ],
        "4" : [
            "2018-10-01",
            "2018-10-25"
        ]
    },
    "2019": {
        "1" : [
            "2019-01-01",
            "2019-01-25"
        ],
        "2" : [
            "2019-04-01",
            "2019-04-25"
        ],
        "3" : [
            "2019-07-01",
            "2019-07-25"
        ],
        "4" : [
            "2019-10-01",
            "2019-10-25"
        ]
    }
}